id	org	files	has_meta	has_r	usable
GSE157591	Homo sapiens	CSV	no	no	no
GSE156473	Homo sapiens	TSV	no	no	no
GSE153370	Homo sapiens	MTX, TSV	no	no	no
GSE150305	Homo sapiens	none	no	no	no
GSE155449	Danio rerio; Homo sapiens	BW	no	no	no
GSE157518	Homo sapiens; Mus musculus	TXT	no	no	no
GSE149512	Homo sapiens	CSV	no	no	no
GSE147893	Homo sapiens	TSV	no	no	no
GSE157280	Homo sapiens	TSV	no	no	no
GSE157277	Homo sapiens	CSV	no	no	no
GSE137864	Homo sapiens	MTX, TSV	no	no	no
GSE135779	Homo sapiens	MTX, TSV	no	no	no
GSE157220	Homo sapiens	TXT, XLSX	no	no	no
GSE157157	Homo sapiens	MTX, TSV	no	no	no
GSE152014	Homo sapiens	TAR	no	no	no
GSE140440	Homo sapiens	TXT	no	no	no
GSE138835	Homo sapiens	MTX, TSV	no	no	no
GSE137829	Homo sapiens	TXT	no	no	no
GSE112302	Homo sapiens	TXT, XLSX	no	no	no
GSE147322	Homo sapiens	TSV	no	no	no
GSE139534	Homo sapiens	H5	no	no	no
GSE133028	Homo sapiens	TXT	no	no	no
GSE157019	Homo sapiens	MTX, TSV	no	no	no
GSE156988	Homo sapiens; Mus musculus	TXT	no	no	no
GSE136610	Homo sapiens	TXT	no	no	no
GSE124885	Homo sapiens	CSV	no	no	no
GSE156790	Homo sapiens	TXT	no	no	no
GSE156776	Homo sapiens	MTX, TSV, TXT	no	no	no
GSE156735	Homo sapiens	BROADPEAK	no	no	no
GSE156734	Homo sapiens	BED, CSV	no	no	no
GSE151117	Homo sapiens	MTX, TSV	no	no	no
GSE148963	Homo sapiens	MTX, TSV	no	no	no
GSE139495	Homo sapiens	TSV	yes	no	yes
GSE120046	Homo sapiens	TXT	no	no	no
GSE145830	Homo sapiens; Mus musculus	CSV	no	no	no
GSE134311	Homo sapiens; Mus musculus; synthetic construct	BED, CSV, GTF, MTX, TSV, TXT	no	no	no
GSE153463	Homo sapiens	TXT	no	no	no
GSE153489	Homo sapiens; Mus musculus	CEL, CHP, RCC	no	no	no
GSE130000	Homo sapiens	TXT	no	no	no
GSE156471	Homo sapiens	TSV, TXT	no	no	no
GSE131696	Homo sapiens	CSV	no	no	no
GSE156341	Homo sapiens	MTX, TSV	no	no	no
GSE156340	Homo sapiens	TXT	no	no	no
GSE138979	Homo sapiens	H5, TXT	no	no	no
GSE135357	Homo sapiens	BEDPE, MTX, TSV, TXT	no	no	no
GSE135356	Homo sapiens	MTX, TSV	no	no	no
GSE122460	Homo sapiens	CSV, TXT	no	no	no
GSE118258	Homo sapiens	CSV, TXT	no	no	no
GSE106251	Homo sapiens	TXT	no	no	no
GSE100344	Homo sapiens	CSV	no	no	no
GSE156285	Homo sapiens	H5	no	no	no
GSE149224	Homo sapiens	CSV, TXT	yes	no	yes
GSE141526	Homo sapiens	MTX, TSV	no	no	no
GSE156150	Homo sapiens	CSV, TSV	no	no	no
GSE149655	Homo sapiens	MTX, TSV, TXT	no	no	no
GSE148633	Homo sapiens	CSV, MTX, TSV	no	no	no
GSE151921	Homo sapiens	XLS	no	no	no
GSE150877	Mus musculus; Homo sapiens	TAR, TXT	no	no	no
GSE150876	Mus musculus; Homo sapiens	TAR	no	no	no
GSE150234	Homo sapiens	TXT	no	no	no
GSE150233	Homo sapiens	MTX, TSV	no	no	no
GSE147975	Homo sapiens	MTX, TSV	no	no	no
GSE132338	Homo sapiens	MTX, RDS, TXT	no	yes	yes
GSE154037	Homo sapiens	TXT, XLSX	yes	no	yes
GSE151669	Homo sapiens	H5, TXT	no	no	no
GSE145095	Mus musculus; Homo sapiens	CSV, MTX, TSV	no	no	no
GSE134388	Homo sapiens; Mus musculus	BB, MTX, TSV, TXT, XLSX	no	no	no
GSE155886	Homo sapiens; Mus musculus	TSV	no	no	no
GSE155884	Homo sapiens	TXT	no	no	no
GSE155673	Homo sapiens	CSV, MTX, TSV	no	no	no
GSE155249	Homo sapiens	CSV, H5, H5AD, TXT	yes	no	yes
GSE129308	Homo sapiens	CSV, H5	no	no	no
GSE154136	Homo sapiens	TXT	no	no	no
GSE149133	Homo sapiens	TAR	no	no	no
GSE147397	Homo sapiens	MTX, TSV	no	no	no
GSE147395	Homo sapiens	TXT	no	no	no
GSE147394	Homo sapiens	TXT	no	no	no
GSE148837	Homo sapiens	CSV, TAR	yes	no	yes
GSE123405	Homo sapiens	TXT	no	no	no
GSE155506	Homo sapiens	TXT	no	no	no
GSE147766	Homo sapiens	CSV	no	no	no
GSE143158	Homo sapiens	CSV	no	no	no
GSE143002	Homo sapiens	CSV	no	no	no
GSE142999	Homo sapiens	CSV	no	no	no
GSE131169	Homo sapiens	NARROWPEAK, TXT	no	no	no
GSE130070	Homo sapiens	MTX, TSV	no	no	no
GSE118312	Mus musculus; Homo sapiens	TXT	no	no	no
GSE103111	Homo sapiens	TXT	no	no	no
GSE149356	Homo sapiens	CSV, MTX, RDS, TSV	no	yes	yes
GSE141862	Homo sapiens	TXT	no	no	no
GSE141017	Mus musculus; Homo sapiens	CSV	no	no	no
GSE125969	Homo sapiens	TSV	yes	no	yes
GSE145326	Homo sapiens	MTX, TSV	no	no	no
GSE135076	Homo sapiens	TXT	yes	no	yes
GSE145633	Homo sapiens	CSV	no	no	no
GSE116947	Homo sapiens	CSV, MTX, TSV	no	no	no
GSE116946	Homo sapiens	CSV	no	no	no
GSE155212	Homo sapiens	CSV	no	no	no
GSE151511	Homo sapiens	TAR	no	no	no
GSE150992	Homo sapiens	TAR	no	no	no
GSE148212	Homo sapiens	MTX, TSV	no	no	no
GSE146165	Homo sapiens	TXT	no	no	no
GSE114704	Homo sapiens	TSV	no	no	no
GSE154930	Homo sapiens	TXT	no	no	no
GSE154870	Homo sapiens	CSV, GFF3	no	no	no
GSE154869	Homo sapiens	CSV, GFF3	no	no	no
GSE154826	Homo sapiens	CSV	no	no	no
GSE153931	Homo sapiens	TXT	no	no	no
GSE145927	Homo sapiens	CSV	yes	no	yes
GSE117891	Homo sapiens	TSV, XLSX	no	no	no
GSE154759	Homo sapiens	H5AD, TSV	no	no	no
GSE150861	Homo sapiens	CSV, MTX, TSV	no	no	no
GSE142168	Mus musculus; Homo sapiens	MTX, RDS, TSV	no	yes	yes
GSE141851	Mus musculus; Homo sapiens	TXT	no	no	no
GSE153559	Homo sapiens	MTX, TSV, TXT	no	no	no
GSE150430	Homo sapiens	TXT	no	no	no
GSE154600	Homo sapiens	MTX, TSV	no	no	no
GSE150660	Homo sapiens	CSV, H5AD	no	no	no
GSE147143	Homo sapiens	H5AD	no	no	no
GSE147047	Homo sapiens	MTX, TSV	no	no	no
GSE137620	Homo sapiens	MTX, TSV	no	no	no
GSE125527	Homo sapiens	CSV, TSV	yes	no	yes
GSE152685	Homo sapiens	MTX, TSV	no	no	no
GSE141026	Homo sapiens	RDS	no	yes	yes
GSE154359	Homo sapiens	MTX, TSV	no	no	no
GSE154358	Homo sapiens	MTX, TSV	no	no	no
GSE154356	Homo sapiens	MTX, TSV	no	no	no
GSE154178	Homo sapiens	BIGWIG, BW, MTX, TSV	no	no	no
GSE118487	Homo sapiens	MTX, TSV	no	no	no
GSE145013	Homo sapiens	RDA, TXT	yes	yes	yes
GSE142745	Homo sapiens	MTX, TSV, TXT	no	no	no
GSE142744	Homo sapiens	MTX, TSV	no	no	no
GSE141460	Homo sapiens	TXT	no	no	no
GSE132164	Homo sapiens	CSV	no	no	no
GSE135851	Homo sapiens	TAR	no	no	no
GSE151263	Homo sapiens	TXT	no	no	no
GSE148507	Homo sapiens	none	no	no	no
GSE148506	Homo sapiens	TXT	yes	no	yes
GSE148504	Homo sapiens	CSV, MTX, TSV	no	no	no
GSE134432	Homo sapiens	BW, TSV	no	no	no
GSE146147	Homo sapiens	TXT	no	no	no
GSE143706	Homo sapiens	H5	no	no	no
GSE143705	Homo sapiens	CSV, TXT	no	no	no
GSE153958	Homo sapiens	ZIP	no	no	no
GSE153935	Homo sapiens	TXT	no	no	no
GSE153929	Homo sapiens; Mus musculus	MTX, TSV	no	no	no
GSE145122	Homo sapiens	MTX, TSV	no	no	no
GSE149377	Homo sapiens	GCT	no	no	no
GSE134004	Mus musculus; Homo sapiens	MTX, TSV, TXT	no	no	no
GSE152805	Homo sapiens	MTX, TSV	no	no	no
GSE149689	Homo sapiens	MTX, TSV	no	no	no
GSE153802	Homo sapiens	MTX, TSV	no	no	no
GSE153760	Homo sapiens	MTX, TSV	no	no	no
GSE153541	Homo sapiens	TXT	yes	no	yes
GSE151161	Homo sapiens	CSV	no	no	no
GSE150768	Mus musculus; Homo sapiens	BW, TXT	yes	no	yes
GSE145360	Homo sapiens	MTX, TSV, TXT	yes	no	yes
GSE153534	Homo sapiens; Mus musculus	CSV	no	no	no
GSE132914	Homo sapiens	H5	no	no	no
GSE131593	Homo sapiens	CSV	no	no	no
GSE146192	Homo sapiens	TAR	no	no	no
GSE144469	Homo sapiens	CSV, TAR	no	no	no
GSE144085	Homo sapiens	MTX, TSV, TXT	no	no	no
GSE111976	Homo sapiens	CSV, RDS, TXT	no	yes	yes
GSE151137	Homo sapiens; Mus musculus	TXT	no	no	no
GSE153358	Homo sapiens	CSV, MTX, TSV	yes	no	yes
GSE148283	Homo sapiens	CSV	no	no	no
GSE153032	Homo sapiens	TXT	no	no	no
GSE152981	Homo sapiens	CSV, XLSX	no	no	no
GSE152988	Homo sapiens	CSV, H5	no	no	no
GSE150241	Homo sapiens	H5	no	no	no
GSE148077	Homo sapiens	CSV	no	no	no
GSE144240	Homo sapiens	JPG, TSV	no	no	no
GSE144239	Homo sapiens	CSV, JPG, JSON, PNG, TSV, TXT	no	no	no
GSE144236	Homo sapiens; Mus musculus	TXT	yes	no	yes
GSE152867	Mus musculus; Homo sapiens	MTX, TSV	no	no	no
GSE142078	Homo sapiens	CSV, MTX, TSV	no	no	no
GSE139342	Homo sapiens	TAR	no	no	no
GSE143167	Homo sapiens	none	no	no	no
GSE142119	Homo sapiens	BEDGRAPH, TXT	no	no	no
GSE139891	Homo sapiens	CSV, TXT	no	no	no
GSE150864	Homo sapiens	CSV	no	no	no
GSE149451	Homo sapiens	CSV	no	no	no
GSE145306	Homo sapiens	CSV	no	no	no
GSE152318	Homo sapiens	CSV, XLSX	no	no	no
GSE152315	Homo sapiens	XLSX	no	no	no
GSE142585	Homo sapiens; Macaca mulatta	TXT	no	no	no
GSE139042	Homo sapiens	CSV, TXT	no	no	no
GSE117512	Homo sapiens	MTX, TSV	no	no	no
GSE152246	Homo sapiens	XLSX	no	no	no
GSE147903	Homo sapiens	MTX, TSV	no	no	no
GSE137758	Homo sapiens	MTX, TSV	no	no	no
GSE132558	Homo sapiens	MTX, TSV, TXT	no	no	no
GSE151735	Homo sapiens	TXT	no	no	no
GSE146172	Homo sapiens	none	no	no	no
GSE146170	Homo sapiens	TXT	no	no	no
GSE146046	Homo sapiens	TXT	no	no	no
GSE128243	Homo sapiens	MTX, TSV	no	no	no
GSE123899	Homo sapiens	TXT	no	no	no
GSE113415	Homo sapiens	TXT	no	no	no
GSE152048	Homo sapiens	none	no	no	no
GSE130157	Homo sapiens	TXT	no	no	no
GSE113418	Homo sapiens; Mus musculus	none	no	no	no
GSE134757	Homo sapiens	CSV, MTX, TSV, TXT	yes	no	yes
GSE130116	Homo sapiens	MTX, TSV	no	no	no
GSE151889	Homo sapiens; Mus musculus	MTX, TSV	no	no	no
GSE142784	Homo sapiens	CSV	no	no	no
GSE138709	Homo sapiens	CSV	no	no	no
GSE135194	Homo sapiens	CSV	no	no	no
GSE151825	Homo sapiens	TSV	no	no	no
GSE148796	Homo sapiens	MTX, TSV	no	no	no
GSE131094	Homo sapiens	TXT	no	no	no
GSE145328	Homo sapiens	CSV, MTX, TSV	no	no	no
GSE143704	Homo sapiens	TXT	yes	no	yes
GSE151334	Homo sapiens; Mus musculus	TSV	no	no	no
GSE149652	Homo sapiens	CSV	no	no	no
GSE142489	Homo sapiens	MTX, TSV	no	no	no
GSE135520	Homo sapiens	TSV	no	no	no
GSE114454	Homo sapiens	TXT	no	no	no
GSE151409	Homo sapiens	CSV, H5, HTML, TXT, XLSX	no	no	no
GSE151375	Homo sapiens	CSV, TSV	no	no	no
GSE151091	Homo sapiens	CSV	no	no	no
GSE149298	Homo sapiens	CSV, DOCX, XLSX	yes	no	yes
GSE145036	Homo sapiens	H5	no	no	no
GSE150766	Homo sapiens	MTX, TSV	no	no	no
GSE149180	Mus musculus; Homo sapiens	MTX, TSV	no	no	no
GSE145410	Homo sapiens	MTX, TSV	no	no	no
GSE115869	Homo sapiens	TXT	no	no	no
GSE137539	Mus musculus; Homo sapiens	TXT	yes	no	yes
GSE137673	Homo sapiens	BEDGRAPH, H5, TSV	no	no	no
GSE137672	Homo sapiens	H5	no	no	no
GSE137671	Homo sapiens	TSV	no	no	no
GSE137540	Mus musculus; Homo sapiens	TXT	no	no	no
GSE150774	Homo sapiens	TAR	no	no	no
GSE135399	Homo sapiens	MTX, TSV	no	no	no
GSE151089	Homo sapiens	MTX, TSV	no	no	no
GSE151087	Homo sapiens	MTX, TSV	no	no	no
GSE148902	Homo sapiens	TXT	no	no	no
GSE150949	Homo sapiens	CSV	no	no	no
GSE148996	Homo sapiens	MTX, TSV	no	no	no
GSE140881	Homo sapiens	MTX, TSV	no	no	no
GSE148371	Homo sapiens	CSV	no	no	no
GSE145838	Homo sapiens	H5	no	no	no
GSE150728	Homo sapiens	RDS	no	yes	yes
GSE148665	Homo sapiens	CSV	no	no	no
GSE143417	Homo sapiens	TAR, TSV	no	no	no
GSE147104	Homo sapiens; Dengue virus	MTX, TSV	no	no	no
GSE147103	Homo sapiens; Dengue virus 1 Nauru/West Pac/1974	MTX, TSV	no	no	no
GSE150637	Homo sapiens	MTX, TSV	no	no	no
GSE150556	Homo sapiens	TXT	no	no	no
GSE150311	Homo sapiens	MTX, TSV	no	no	no
GSE142637	Mus musculus; Homo sapiens	MTX, TSV	no	no	no
GSE146990	Homo sapiens	H5	no	no	no
GSE146799	Homo sapiens	CSV	no	no	no
GSE150321	Homo sapiens	CSV	no	no	no
GSE136831	Homo sapiens	MTX, RDS, TXT	yes	yes	yes
GSE150226	Homo sapiens; Mus musculus	TXT	no	no	no
GSE148820	Homo sapiens	MTX, TSV, TXT	no	no	no
GSE143880	Homo sapiens	TXT	no	no	no
GSE140819	Homo sapiens	CSV, H5	no	no	no
GSE150115	Homo sapiens	CSV, TXT	no	no	no
GSE131007	Homo sapiens	TSV	no	no	no
GSE150084	Homo sapiens	MTX, TSV	no	no	no
GSE150083	Homo sapiens	MTX, TSV	no	no	no
GSE150025	Homo sapiens	TXT	no	no	no
GSE150021	Homo sapiens	TXT	no	no	no
GSE150020	Homo sapiens	CNT	no	no	no
GSE147349	Homo sapiens	H5, MTX, TSV	no	no	no
GSE144568	Homo sapiens	RDATA, TAR	no	yes	yes
GSE138002	Homo sapiens	CSV, MTX	no	no	no
GSE122970	Homo sapiens	MTX, TSV	no	no	no
GSE116106	Homo sapiens	MTX, TSV	no	no	no
GSE142538	Homo sapiens	TXT	no	no	no
GSE132757	Homo sapiens	H5	no	no	no
GSE129017	Homo sapiens	BED, TXT	no	no	no
GSE148729	Homo sapiens	TSV	yes	no	yes
GSE137524	Homo sapiens	CSV	no	no	no
GSE114446	Homo sapiens	TXT	no	no	no
GSE148162	Homo sapiens	TSV	no	no	no
GSE146026	Homo sapiens	TSV	no	no	no
GSE145896	Homo sapiens	CSV	no	no	no
GSE133894	Homo sapiens	TXT	no	no	no
GSE131416	Homo sapiens	TXT	no	no	no
GSE131409	Homo sapiens	CSV	no	no	no
GSE126131	Homo sapiens	TSV	no	no	no
GSE149614	Homo sapiens	TXT	no	no	no
GSE149583	Homo sapiens	MTX, TXT	yes	no	yes
GSE145928	Homo sapiens	H5	no	no	no
GSE132048	Homo sapiens	CSV, TAR, TXT	no	no	no
GSE147457	Homo sapiens	TSV	no	no	no
GSE145843	Homo sapiens	H5	no	no	no
GSE124310	Homo sapiens	TAR	no	no	no
GSE143686	Homo sapiens	MTX, TSV	no	no	no
GSE143685	Homo sapiens	CSV	no	no	no
GSE132065	Homo sapiens	BED, MTX, TSV	no	no	no
GSE149280	Homo sapiens	TSV	no	no	no
GSE149136	Homo sapiens	MTX, TSV, XLSX	no	no	no
GSE149100	Homo sapiens	TSV	no	no	no
GSE149099	Homo sapiens	XLSX	no	no	no
GSE148829	Macaca fascicularis; Mus musculus; Macaca mulatta; Homo sapiens	CSV, TXT	no	no	no
GSE145163	Homo sapiens	TXT	no	no	no
GSE145926	Homo sapiens	CSV, H5	no	no	no
GSE145307	Homo sapiens	MTX, TSV	no	no	no
GSE139535	Homo sapiens	MTX, TSV	no	no	no
GSE132396	Homo sapiens	TSV	no	no	no
GSE135253	Homo sapiens	MTX, TSV	no	no	no
GSE127937	Homo sapiens	MTX, TSV, TXT	no	no	no
GSE148842	Homo sapiens	TXT	no	no	no
GSE146771	Homo sapiens	TXT	yes	no	yes
GSE135992	Homo sapiens	CSV	no	no	no
GSE144870	Homo sapiens	MTX, TSV	no	no	no
GSE148658	Homo sapiens	TXT	no	no	no
GSE137353	Homo sapiens	TXT	no	no	no
GSE141552	Homo sapiens	MTX, TSV	no	no	no
GSE131886	Homo sapiens	CSV, MTX, TSV	no	no	no
GSE130228	Homo sapiens	MTX, TSV	no	no	no
GSE131351	Homo sapiens; Mus musculus	TXT	no	no	no
GSE128879	Homo sapiens	CSV, TXT	no	no	no
GSE146221	Homo sapiens	MTX, TSV	no	no	no
GSE137877	Homo sapiens	CSV, MTX, TSV	no	no	no
GSE148345	Homo sapiens	TSV	no	no	no
GSE143190	Homo sapiens	TXT	no	no	no
GSE137496	Homo sapiens	TXT	no	no	no
GSE131984	Homo sapiens	RDATA, TXT	yes	yes	yes
GSE131983	Homo sapiens	TSV	no	no	no
GSE148190	Homo sapiens	CSV, MTX, TSV	no	no	no
GSE143492	Homo sapiens	TXT	no	no	no
GSE143453	Homo sapiens	CSV, TXT	no	no	no
GSE143452	Homo sapiens	CSV	no	no	no
GSE142347	Homo sapiens	TXT	no	no	no
GSE134174	Homo sapiens	RDATA, TXT	yes	yes	yes
GSE120409	Mus musculus; Homo sapiens	BED, H5, TXT	no	no	no
GSE147863	Homo sapiens	H5	no	no	no
GSE144735	Homo sapiens	TXT	no	no	no
GSE132465	Homo sapiens	TXT	no	no	no
GSE132257	Homo sapiens	TXT	no	no	no
GSE147989	Homo sapiens	H5	no	no	no
GSE141030	Homo sapiens	CSV, MTX, TSV, TXT	no	no	no
GSE139280	Homo sapiens	ZIP	no	no	no
GSE125188	Homo sapiens	MTX, TSV	no	no	no
GSE147794	Homo sapiens	CSV, MTX, TSV	no	no	no
GSE142116	Homo sapiens	TXT	no	no	no
GSE130973	Homo sapiens	MTX, RDS, TSV	no	yes	yes
GSE135325	Homo sapiens	CSV, FASTA, MTX, TSV	no	no	no
GSE132758	Homo sapiens	MTX, TSV	no	no	no
GSE131135	Homo sapiens	RDATA	no	yes	yes
GSE131099	Homo sapiens	TXT	no	no	no
GSE128796	Homo sapiens; Mus musculus	none	no	no	no
GSE128791	Homo sapiens	TXT	no	no	no
GSE128790	Homo sapiens	TXT	no	no	no
GSE119324	Homo sapiens	TXT	no	no	no
GSE119323	Homo sapiens	TSV, TXT, XLSX	no	no	no
GSE131907	Homo sapiens	TXT	no	no	no
GSE145140	Homo sapiens; Mus musculus	TXT	no	no	no
GSE145139	Homo sapiens	TXT	no	no	no
GSE145137	Homo sapiens; Mus musculus	TXT, XLSX	no	no	no
GSE141834	Homo sapiens	BW, TXT	no	no	no
GSE147206	Homo sapiens	TAR	no	no	no
GSE147424	Homo sapiens	TXT	no	no	no
GSE147405	Homo sapiens	CSV	yes	no	yes
GSE145347	Homo sapiens	MTX, TSV	no	no	no
GSE135497	Homo sapiens; Mus musculus	CSV, TXT	no	no	no
GSE127266	Homo sapiens	TXT	no	no	no
GSE147259	Homo sapiens	CSV, TSV	no	no	no
GSE146974	Homo sapiens	MTX, TSV	no	no	no
GSE147202	Homo sapiens	CSV, TSV	yes	no	yes
GSE125497	Homo sapiens	CSV	no	no	no
GSE147203	Homo sapiens; Mus musculus	H5, TSV	no	no	no
GSE142465	Homo sapiens; Mus musculus	H5, MTX, TSV, TXT	no	no	no
GSE147066	Homo sapiens	TXT	yes	no	yes
GSE123359	Homo sapiens	CSV, MTX, TSV	no	no	no
GSE135710	Mus musculus; Homo sapiens	MTX, TSV	no	no	no
GSE133054	Mus musculus; Homo sapiens	CSV	no	no	no
GSE146826	synthetic construct; Homo sapiens	CSV	no	no	no
GSE136974	Homo sapiens	MTX, TSV	no	no	no
GSE146763	Homo sapiens	MTX, TSV	no	no	no
GSE146712	Homo sapiens	NWK, TXT	no	no	no
GSE138857	Homo sapiens	MTX, TSV	no	no	no
GSE133022	Homo sapiens	XLSX	no	no	no
GSE146373	Homo sapiens	CSV, MTX, TSV	no	no	no
GSE137941	Homo sapiens	TXT	no	no	no
GSE146399	Homo sapiens	BED, CSV	no	no	no
GSE146194	Homo sapiens	CSV, MTX, TSV	no	no	no
GSE140989	Homo sapiens	MTX, TSV, TXT	no	no	no
GSE128822	Homo sapiens	CSV	no	no	no
GSE138646	Homo sapiens; Mus musculus	BEDGRAPH, FPKM_TRACKING, WIG	no	no	no
GSE146137	Mus musculus; Homo sapiens	TXT	no	no	no
GSE144477	Homo sapiens	CSV	no	no	no
GSE141982	Homo sapiens	MTX, TSV	no	no	no
GSE139533	Homo sapiens	TAB	no	no	no
GSE135394	Mus musculus; Homo sapiens	FPKM_TRACKING	no	no	no
GSE118412	Homo sapiens	CSV	no	no	no
GSE146123	Homo sapiens; Mus musculus	TXT	no	no	no
GSE145894	Homo sapiens	TXT	no	no	no
GSE133449	Homo sapiens	TXT	no	no	no
GSE145815	Homo sapiens	TSV	yes	no	yes
GSE142213	Homo sapiens; Mus musculus	TAR	no	no	no
GSE137659	Homo sapiens	MTX, TSV, TXT	no	no	no
GSE139161	Homo sapiens	TXT	no	no	no
GSE137869	Homo sapiens; Rattus norvegicus	MTX, TSV, TXT	no	no	no
GSE123837	Homo sapiens	TXT	no	no	no
GSE121179	Homo sapiens	TSV	no	no	no
GSE128956	Homo sapiens	XLSX	no	no	no
GSE124742	Homo sapiens	TAB	no	no	no
GSE115032	Homo sapiens	TXT	no	no	no
GSE142449	Homo sapiens	TSV	no	no	no
GSE137010	Homo sapiens	MTX, TSV	no	no	no
GSE133345	Homo sapiens	TXT	no	no	no
GSE145281	Homo sapiens	TXT	no	no	no
GSE130025	Homo sapiens	BED, MTX, TSV, TXT, XLSX	no	no	no
GSE130024	Homo sapiens	MTX, TSV	no	no	no
GSE130023	Homo sapiens	TXT	no	no	no
GSE130022	Homo sapiens	TXT	no	no	no
GSE130021	Homo sapiens	TXT	no	no	no
GSE130020	Homo sapiens	TXT	no	no	no
GSE130019	Homo sapiens	TXT	no	no	no
GSE124992	Homo sapiens	CSV	no	no	no
GSE124822	Mus musculus; Homo sapiens	CSV, TXT	no	no	no
GSE138474	Homo sapiens	TAR	no	no	no
GSE138418	Homo sapiens	TSV	no	no	no
GSE138267	Homo sapiens	TAR	no	no	no
GSE130105	Homo sapiens	CSV, TXT	no	no	no
GSE129762	Homo sapiens	TXT	no	no	no
GSE134355	Mus musculus; Homo sapiens	TXT	no	no	no
GSE131434	Homo sapiens	MTX, TSV	no	no	no
GSE144908	Homo sapiens	XLSX	no	no	no
GSE144495	Homo sapiens	XLS	no	no	no
GSE144494	Homo sapiens	XLS	no	no	no
GSE143624	Homo sapiens	XLSX	no	no	no
GSE140312	Homo sapiens	TAR	no	no	no
GSE130977	Homo sapiens	TXT	no	no	no
GSE144434	Homo sapiens	CSV, TSV	no	no	no
GSE132771	Homo sapiens; Mus musculus	MTX, TSV	no	no	no
GSE132509	Homo sapiens	MTX, TSV	no	no	no
GSE127898	Macaca mulatta; Pan troglodytes; Pan paniscus; Homo sapiens	CSV	no	no	no
GSE127774	Pan paniscus; Macaca mulatta; Pan troglodytes; Homo sapiens	FA, GTF, MTX, RDS, TSV, TXT	no	yes	yes
GSE144430	Homo sapiens	MTX, TSV	no	no	no
GSE144357	Homo sapiens	CSV, TXT, XLSX	yes	no	yes
GSE138536	Homo sapiens	TXT	yes	no	yes
GSE130664	Macaca fascicularis; Homo sapiens	TXT	no	no	no
GSE138838	Homo sapiens	TXT	no	no	no
GSE144216	Homo sapiens	CSV, XLSX	no	no	no
GSE144191	Homo sapiens	RDS	no	yes	yes
GSE139829	Homo sapiens	MTX, TSV	no	no	no
GSE137316	Homo sapiens	BED	no	no	no
GSE135663	Homo sapiens	TSV	no	no	no
GSE135193	Homo sapiens	XLSX	no	no	no
GSE115501	Homo sapiens	TXT	no	no	no
GSE125839	Homo sapiens	MTX	no	no	no
GSE125838	Homo sapiens	MTX, TSV	no	no	no
GSE125837	Homo sapiens	TXT	no	no	no
GSE125372	Mus musculus; Homo sapiens	TSV	no	no	no
GSE135133	Homo sapiens	TXT	no	no	no
GSE135092	Homo sapiens	TSV	no	no	no
GSE128357	Homo sapiens	CSV, H5, TAR, TXT	no	no	no
GSE110680	Homo sapiens	CSV	no	no	no
GSE137912	Homo sapiens	CSV, MTX, TSV	no	no	no
GSE128671	Homo sapiens; Mus musculus	BW, MTX, TSV, TXT	no	no	no
GSE112271	Homo sapiens	MTX, TSV	no	no	no
GSE130646	Homo sapiens	CSV	no	no	no
GSE143669	Homo sapiens	TXT	no	no	no
GSE143607	Homo sapiens	MTX, RDS, TSV	no	yes	yes
GSE138892	Homo sapiens	MTX, TSV	no	no	no
GSE123904	Homo sapiens	CSV	no	no	no
GSE123903	Homo sapiens	CSV	no	no	no
GSE123902	Homo sapiens	CSV, RTF	no	no	no
GSE141299	Homo sapiens	TXT	no	no	no
GSE140405	Homo sapiens	H5	no	no	no
GSE138693	Homo sapiens	TXT	no	no	no
GSE134144	Homo sapiens	TXT	no	no	no
GSE131604	Homo sapiens	BW, TXT	no	no	no
GSE111822	Homo sapiens	CSV	no	no	no
GSE111672	Homo sapiens	JPG, RTF, TSV, TXT	no	no	no
GSE137833	Homo sapiens	GFF3, XLSX	no	no	no
GSE143423	Homo sapiens	CSV	yes	no	yes
GSE143353	Homo sapiens	CSV	no	no	no
GSE142526	Homo sapiens	TAR	no	no	no
GSE139079	Homo sapiens	TXT	no	no	no
GSE132149	Homo sapiens	TXT	no	no	no
GSE143214	Homo sapiens	TXT	no	no	no
GSE143148	Mus musculus; Homo sapiens	BED, CSV, TSV	no	no	no
GSE140231	Homo sapiens	TAR	no	no	no
GSE143136	Homo sapiens; Mus musculus	TAB, TXT	no	no	no
GSE127918	Homo sapiens	TXT	no	no	no
GSE142838	Homo sapiens	TAR	no	no	no
GSE139448	Homo sapiens	CSV	no	no	no
GSE126488	Homo sapiens	RDATA, TXT	no	yes	yes
GSE121309	Homo sapiens	TXT	no	no	no
GSE142750	Homo sapiens	MTX, TSV	no	no	no
GSE137026	Homo sapiens	CSV, H5	no	no	no
GSE133167	Homo sapiens	TXT	no	no	no
GSE140021	Homo sapiens	BW, TXT	no	no	no
GSE141946	Homo sapiens	CSV, TXT	yes	no	yes
GSE138025	Homo sapiens	CSV	no	no	no
GSE142392	Homo sapiens	CSV	no	no	no
GSE108378	Homo sapiens	XLSX	no	no	no
GSE142286	Homo sapiens	CSV	no	no	no
GSE139522	Homo sapiens	MTX, TSV	no	no	no
GSE122515	Homo sapiens	TXT	no	no	no
GSE120386	Homo sapiens	CSV, TXT	no	no	no
GSE142016	Homo sapiens	MTX, TSV	no	no	no
GSE128908	Homo sapiens	MTX, TXT	no	no	no
GSE141832	Homo sapiens	CSV	no	no	no
GSE140493	Homo sapiens	CSV, HDF5, TSV	no	no	no
GSE134706	Macaca fascicularis; Mus musculus; Ovis aries; Rattus norvegicus; Danio rerio; Gallus gallus; Callithrix jacchus; Homo sapiens; Mesocricetus auratus	TXT	no	no	no
GSE134705	Homo sapiens; Mus musculus; Nannospalax galili; Danio rerio; Gallus gallus; Callithrix jacchus; Mesocricetus auratus; Macaca fascicularis; Ovis aries; Rattus norvegicus	TXT	yes	no	yes
GSE141636	Homo sapiens	XLS	no	no	no
GSE141469	Mus musculus; Homo sapiens; Canis lupus familiaris	TSV	yes	no	yes
GSE138748	Homo sapiens	TXT, XLSX	no	no	no
GSE138266	Homo sapiens	MTX, TSV	no	no	no
GSE133549	Canis lupus familiaris; Homo sapiens; Mus musculus	none	no	no	no
GSE133548	Homo sapiens; Canis lupus familiaris; Mus musculus	TSV	yes	no	yes
GSE133547	Mus musculus; Homo sapiens; Canis lupus familiaris	TSV	yes	no	yes
GSE133546	Homo sapiens; Canis lupus familiaris; Mus musculus	TSV	yes	no	yes
GSE133545	Mus musculus; Homo sapiens; Canis lupus familiaris	TSV	yes	no	yes
GSE133544	Homo sapiens; Mus musculus; Canis lupus familiaris	TSV	yes	no	yes
GSE133543	Homo sapiens; Mus musculus; Canis lupus familiaris	TSV	yes	no	yes
GSE133542	Homo sapiens; Mus musculus; Canis lupus familiaris	TSV	yes	no	yes
GSE133541	Homo sapiens; Canis lupus familiaris; Mus musculus	TSV	yes	no	yes
GSE133540	Homo sapiens; Mus musculus; Canis lupus familiaris	TSV	yes	no	yes
GSE133539	Homo sapiens; Canis lupus familiaris; Mus musculus	TSV	yes	no	yes
GSE133538	Mus musculus; Homo sapiens; Canis lupus familiaris	TSV	yes	no	yes
GSE133537	Mus musculus; Homo sapiens; Canis lupus familiaris	TSV	yes	no	yes
GSE133536	Canis lupus familiaris; Mus musculus; Homo sapiens	TSV	yes	no	yes
GSE133535	Canis lupus familiaris; Homo sapiens; Mus musculus	TSV	yes	no	yes
GSE118773	Influenza A virus (A/Puerto Rico/8/1934(H1N1)); Homo sapiens; Canis lupus familiaris	TXT	no	no	no
GSE139555	Homo sapiens	CSV, MTX, RDS, TSV, TXT	yes	yes	yes
GSE138675	Homo sapiens	NARROWPEAK	no	no	no
GSE138673	Homo sapiens	TXT	no	no	no
GSE116141	Homo sapiens	none	no	no	no
GSE116130	Homo sapiens	H5	no	no	no
GSE133887	Mus musculus; Homo sapiens	TXT	no	no	no
GSE139944	Homo sapiens; Mus musculus	MATRIX, RDS, TXT	no	yes	yes
GSE123187	Homo sapiens; Mus musculus	TSV, TXT	no	no	no
GSE133747	Sus scrofa; Mus musculus; Rattus norvegicus; Homo sapiens	MTX, TSV	no	no	no
GSE141257	Homo sapiens	XLSX	no	no	no
GSE141238	Homo sapiens	MTX, TSV, TXT	no	no	no
GSE122827	Homo sapiens	CSV	no	no	no
GSE117075	Homo sapiens	CSV	no	no	no
GSE92432	Homo sapiens	CSV	no	no	no
GSE140553	Homo sapiens	MTX, TSV	no	no	no
GSE141087	Homo sapiens	CSV	no	no	no
GSE139193	Homo sapiens	MTX, TSV	no	no	no
GSE128982	Mus musculus; Homo sapiens	TXT	no	no	no
GSE136447	Homo sapiens	TXT	no	no	no
GSE133757	Homo sapiens	TXT	no	no	no
GSE140896	Homo sapiens; Mus musculus	TXT	no	no	no
GSE138680	Homo sapiens	TSV	no	no	no
GSE125881	Homo sapiens	CSV	no	no	no
GSE121380	Homo sapiens	TXT	no	no	no
GSE124903	Homo sapiens	BW	no	no	no
GSE132525	Homo sapiens	TXT	no	no	no
GSE129611	Homo sapiens	TSV, TXT	no	no	no
GSE124172	Homo sapiens	MTX, TSV	no	no	no
GSE138791	Homo sapiens	TSV	no	no	no
GSE135437	Homo sapiens	TSV	no	no	no
GSE132080	Homo sapiens	CSV, MTX, TSV	no	no	no
GSE110727	Homo sapiens	TXT	no	no	no
GSE140228	Homo sapiens	CSV, MTX, TSV	no	no	no
GSE129447	Homo sapiens	TXT	no	no	no
GSE121477	Homo sapiens	TXT	no	no	no
GSE119212	Homo sapiens	MTX, TSV	no	no	no
GSE117382	Homo sapiens	TXT	no	no	no
GSE137029	Homo sapiens	MTX, TXT	no	no	no
GSE140123	Homo sapiens	XLSX	no	no	no
GSE136314	Homo sapiens	MTX, TSV	no	no	no
GSE136230	Homo sapiens	none	no	no	no
GSE136229	Homo sapiens	TXT	no	no	no
GSE134577	Homo sapiens	TAR	no	no	no
GSE134576	Homo sapiens	TAR	no	no	no
GSE129363	Homo sapiens	MTX, TSV, TXT	no	no	no
GSE129837	Homo sapiens	H5, TXT	no	no	no
GSE129826	Homo sapiens	H5, TXT	no	no	no
GSE129825	Homo sapiens	TXT	no	no	no
GSE135922	Homo sapiens	TSV	no	no	no
GSE114186	Homo sapiens; Mus musculus	CSV, TXT	no	no	no
GSE139382	Homo sapiens	CSV	no	no	no
GSE137710	Homo sapiens; Mus musculus	TSV	yes	no	yes
GSE124889	Homo sapiens	CSV, XLSX	no	no	no
GSE124888	Homo sapiens	CSV, XLSX	no	no	no
GSE124887	Homo sapiens	CSV, XLSX	no	no	no
GSE123810	Homo sapiens	TXT	no	no	no
GSE109308	Homo sapiens	TXT	no	no	no
GSE130050	Homo sapiens	TSV	no	no	no
GSE125616	Homo sapiens	TXT	no	no	no
GSE139249	Homo sapiens	MTX, TSV	no	no	no
GSE136611	Homo sapiens	TXT	no	no	no
GSE139181	Homo sapiens	TXT	no	no	no
GSE130289	Homo sapiens	TXT	no	no	no
GSE125970	Homo sapiens	TXT	no	no	no
GSE121893	Homo sapiens	CSV, TXT	no	no	no
GSE109816	Homo sapiens	CSV, TXT	yes	no	yes
GSE106218	Homo sapiens	TXT	no	no	no
GSE138852	Homo sapiens	CSV	no	no	no
GSE137391	Homo sapiens	TXT	no	no	no
GSE135928	Homo sapiens	CSV	no	no	no
GSE135927	Homo sapiens	MTX, TSV	no	no	no
GSE112856	Mus musculus; Homo sapiens	NARROWPEAK	no	no	no
GSE112855	Homo sapiens	TSV	no	no	no
GSE138794	Homo sapiens	BED, MTX, TSV, TXT	no	no	no
GSE138628	Homo sapiens	CSV	no	no	no
GSE133341	Homo sapiens	TXT	no	no	no
GSE137554	Homo sapiens	H5, TSV	no	no	no
GSE135500	Homo sapiens	CSV, TXT	no	no	no
GSE133856	Homo sapiens	TSV, TXT	no	no	no
GSE133854	Homo sapiens	TSV	no	no	no
GSE121080	Homo sapiens	TXT	no	no	no
GSE138504	Homo sapiens	RDS, TXT	no	yes	yes
GSE117620	Homo sapiens	CSV	no	no	no
GSE112438	Danio rerio; Homo sapiens	COV, CSV, TXT	no	no	no
GSE137275	Homo sapiens	CSV, DOCX, XLSX	no	no	no
GSE125449	Homo sapiens	MTX, TSV, TXT	no	no	no
GSE138248	Homo sapiens	FPKM_TRACKING, XLSX	no	no	no
GSE134269	Homo sapiens	TXT	no	no	no
GSE130117	Homo sapiens; synthetic construct	MTX, TSV, TXT	no	no	no
GSE136874	Homo sapiens	H5, HTML	no	no	no
GSE136805	Homo sapiens	H5, HTML, RDS, TXT	no	yes	yes
GSE133181	Homo sapiens	TAR	no	no	no
GSE120190	Homo sapiens	TXT	no	no	no
GSE131391	Homo sapiens	TXT	no	no	no
GSE137349	Homo sapiens; Mus musculus	CSV	no	no	no
GSE110571	Homo sapiens	TXT	no	no	no
GSE137961	Homo sapiens	H5, TXT	no	no	no
GSE110572	Homo sapiens	BED, BIGWIG, TXT	no	no	no
GSE137811	Homo sapiens	MTX, TXT	no	no	no
GSE137805	Homo sapiens	TSV	no	no	no
GSE109281	Homo sapiens; Mus musculus	CSV, TSV, TXT	no	no	no
GSE137847	Homo sapiens	none	no	no	no
GSE137846	Homo sapiens	MTX, TXT	no	no	no
GSE137537	Homo sapiens	MTX, TSV, TXT	no	no	no
GSE137786	Homo sapiens; Mus musculus	TSV	no	no	no
GSE129987	Homo sapiens	CSV	no	no	no
GSE121600	Homo sapiens; Mus musculus; Sus scrofa	H5	no	no	no
GSE134049	Homo sapiens	MTX, TSV	no	no	no
GSE125288	Homo sapiens	BW, TXT	no	no	no
GSE137545	Homo sapiens	TXT	no	no	no
GSE135564	Homo sapiens	H5	no	no	no
GSE136103	Mus musculus; Homo sapiens	MTX, TSV	no	no	no
GSE137101	Homo sapiens	MTX, TSV, TXT	no	no	no
GSE136394	Homo sapiens	MTX, TSV	no	no	no
GSE131882	Homo sapiens	RDS	no	yes	yes
GSE123805	Homo sapiens; Mus musculus	TXT	no	no	no
GSE135202	Homo sapiens	TXT	no	no	no
GSE133948	Homo sapiens	CSV	yes	no	yes
GSE126030	Homo sapiens	TXT	no	no	no
GSE118682	Homo sapiens	CSV	no	no	no
GSE136871	Mus musculus; synthetic construct; Homo sapiens	CSV	no	no	no
GSE136867	Homo sapiens	H5	no	no	no
GSE135893	Homo sapiens	CSV, MTX, RDS, TSV, TXT	yes	yes	yes
GSE136795	Homo sapiens	TXT	no	no	no
GSE124258	Homo sapiens	CSV	no	no	no
GSE136732	Homo sapiens	TXT	no	no	no
GSE130001	Homo sapiens	MTX, TSV	no	no	no
GSE120145	Homo sapiens	CSV	no	no	no
GSE126804	Homo sapiens; Mus musculus	TAB, TXT	no	no	no
GSE136148	Homo sapiens; Mus musculus	MTX, TSV, XLSX	no	no	no
GSE134483	Homo sapiens	TXT	no	no	no
GSE130151	Homo sapiens	MTX, TSV	no	no	no
GSE134809	Homo sapiens	MTX, TSV	no	no	no
GSE129845	Mus musculus; Homo sapiens	MTX, TSV	no	no	no
GSE136353	Homo sapiens	TXT	no	no	no
GSE121107	Homo sapiens	TXT	no	no	no
GSE135595	Homo sapiens	TXT	yes	no	yes
GSE122783	Homo sapiens	TXT	no	no	no
GSE134881	Homo sapiens	CSV	no	no	no
GSE134127	Homo sapiens	TXT	no	no	no
GSE118947	Homo sapiens	TXT	no	no	no
GSE135507	Homo sapiens	CSV	no	no	no
GSE134570	Homo sapiens	TXT	no	no	no
GSE120107	Homo sapiens	BW, TXT	no	no	no
GSE128169	Homo sapiens	H5, MTX, TSV	no	no	no
GSE135719	Homo sapiens	BED	no	no	no
GSE135716	Homo sapiens	TXT	no	no	no
GSE135634	Homo sapiens	BEDGRAPH	no	no	no
GSE135633	Homo sapiens	BEDGRAPH	no	no	no
GSE135618	Mus musculus; Homo sapiens	CSV, MTX, TSV	no	no	no
GSE133344	Homo sapiens	CSV, H5, MTX, TSV	no	no	no
GSE124494	Homo sapiens	MTX, TSV	no	no	no
GSE135461	Homo sapiens	CEL, CSV, TXT	no	no	no
GSE121671	Mus musculus; Homo sapiens	BW, HIC, TXT	no	no	no
GSE115251	Homo sapiens	MTX, TSV	no	no	no
GSE122982	Homo sapiens	CSV	no	no	no
GSE133329	Homo sapiens	TXT	no	no	no
GSE132950	Homo sapiens	MTX, TSV	no	no	no
GSE127969	Homo sapiens	CSV, TXT	no	no	no
GSE106871	Homo sapiens	BEDGRAPH	no	no	no
GSE121050	Homo sapiens	TXT	no	no	no
GSE130075	Homo sapiens	CLOUPE, MTX, TSV, TXT	no	no	no
GSE130073	Homo sapiens	CLOUPE, MTX, TSV	no	no	no
GSE117803	Homo sapiens	TSV	no	no	no
GSE133706	Homo sapiens	BW, H5, NARROWPEAK	no	no	no
GSE133704	Homo sapiens	H5	no	no	no
GSE133433	Homo sapiens	MTX, TSV	no	no	no
GSE119926	Homo sapiens	TXT	no	no	no
GSE131780	Homo sapiens; Mus musculus	BED	no	no	no
GSE131778	Homo sapiens	TXT	no	no	no
GSE106872	Mus musculus; Homo sapiens	BEDGRAPH	no	no	no
GSE134571	Homo sapiens	MTX, RDS, TSV, TXT	no	yes	yes
GSE132649	Homo sapiens	BW, TXT	no	no	no
GSE127249	Homo sapiens; Rattus norvegicus; Mus musculus	MTX, TSV, TXT	no	no	no
GSE127246	Mus musculus; Homo sapiens	TXT	no	no	no
GSE118980	Homo sapiens	TXT	no	no	no
GSE134520	Homo sapiens	TXT	no	no	no
GSE134419	Homo sapiens	TXT	no	no	no
GSE128273	Homo sapiens	CSV	no	no	no
GSE122743	Homo sapiens	TXT	no	no	no
GSE89322	Homo sapiens	TXT	no	no	no
GSE130430	Homo sapiens	MTX, TSV	no	no	no
GSE110154	Homo sapiens	CSV	no	no	no
GSE114687	Homo sapiens	MTX, RDS, TSV	yes	yes	yes
GSE130318	Homo sapiens	MTX, TSV	no	no	no
GSE109555	Homo sapiens	TXT	no	no	no
GSE134048	Homo sapiens	CSV	no	no	no
GSE115612	Mus musculus; Murid betaherpesvirus 1; Homo sapiens	H5, TSV, TXT	no	no	no
GSE133996	Homo sapiens	TSV	no	no	no
GSE122031	Homo sapiens	CSV	no	no	no
GSE131928	Homo sapiens	TSV, XLSX	no	no	no
GSE130422	Homo sapiens	CSV, FA	no	no	no
GSE130420	Homo sapiens	CSV, FA	no	no	no
GSE133832	Homo sapiens	TXT	no	no	no
GSE107723	Homo sapiens	CSV, FA	no	no	no
GSE102683	Homo sapiens	CSV	no	no	no
GSE107618	Homo sapiens	CSV	no	no	no
GSE114396	Homo sapiens	CSV	no	no	no
GSE133161	Homo sapiens	TXT	no	no	no
GSE128518	Homo sapiens; Mus musculus	MTX, TSV, TXT	yes	no	yes
GSE124898	Homo sapiens	MTX, TSV	no	no	no
GSE133094	Homo sapiens	TSV	no	no	no
GSE128033	Homo sapiens	MTX, TSV	no	no	no
GSE106888	Homo sapiens	XLSX	no	no	no
GSE125770	Homo sapiens	CEL	no	no	no
GSE125769	Homo sapiens	TXT	no	no	no
GSE124472	Homo sapiens	TAR	no	no	no
GSE124395	Homo sapiens	CSV, RDATA, TXT	no	yes	yes
GSE132802	Homo sapiens	H5	no	no	no
GSE117410	Homo sapiens	CSV	no	no	no
GSE132672	Homo sapiens	TXT	no	no	no
GSE131668	Homo sapiens	TXT	no	no	no
GSE118127	Homo sapiens	H5	no	no	no
GSE111898	Homo sapiens	none	no	no	no
GSE111896	Homo sapiens	TXT	no	no	no
GSE111894	Homo sapiens	TXT	no	no	no
GSE111892	Homo sapiens	BW, TXT	no	no	no
GSE132566	Homo sapiens	TXT	no	no	no
GSE131736	Homo sapiens	H5	no	no	no
GSE130888	Homo sapiens	MTX, TSV	no	no	no
GSE126321	Homo sapiens	MTX, TSV	no	no	no
GSE132300	Homo sapiens	TXT	no	no	no
GSE128627	Homo sapiens	TXT	no	no	no
GSE128626	Homo sapiens	TXT	no	no	no
GSE122084	Homo sapiens	TXT	no	no	no
GSE122083	Homo sapiens	TXT	no	no	no
GSE122058	Homo sapiens	TXT	no	no	no
GSE128639	Homo sapiens	CSV, TSV	no	no	no
GSE132172	Homo sapiens	TSV	no	no	no
GSE129519	Homo sapiens	TXT	no	no	no
GSE129112	Homo sapiens	TXT	no	no	no
GSE132044	Homo sapiens; Mus musculus	MTX, TSV	no	no	no
GSE132026	Homo sapiens	none	no	no	no
GSE132023	Homo sapiens	TXT	no	no	no
GSE130271	Homo sapiens	XLSX	no	no	no
GSE117826	Mus musculus; Homo sapiens	MTX, TSV, TXT	no	no	no
GSE117824	Homo sapiens; Mus musculus	MTX, TSV	no	no	no
GSE130578	Homo sapiens	TSV	no	no	no
GSE120771	Mus musculus; Homo sapiens	BED, HIC, TXT	no	no	no
GSE115149	Homo sapiens	H5	no	no	no
GSE131685	Homo sapiens	MTX, TSV	no	no	no
GSE131841	Homo sapiens	TXT	no	no	no
GSE123813	Homo sapiens	TXT	yes	no	yes
GSE123812	Homo sapiens	TXT	no	no	no
GSE113336	Homo sapiens	BIGBED, BW	no	no	no
GSE130473	Homo sapiens	CSV	no	no	no
GSE130636	Homo sapiens	TSV	no	no	no
GSE117837	Homo sapiens	CSV	no	no	no
GSE121560	Homo sapiens	TXT	no	no	no
GSE116254	Homo sapiens	TXT	no	no	no
GSE104406	Homo sapiens	TXT	no	no	no
GSE104379	Homo sapiens	TXT	no	no	no
GSE128531	Homo sapiens	CSV	no	no	no
GSE114412	Homo sapiens	TSV	yes	no	yes
GSE130881	Homo sapiens	TXT	no	no	no
GSE130784	Homo sapiens; Mus musculus	TAR, TXT	no	no	no
GSE127813	Homo sapiens	TXT	no	no	no
GSE127471	Homo sapiens	MTX, TSV	no	no	no
GSE123392	Mus musculus; Homo sapiens	TXT	yes	no	yes
GSE109085	Homo sapiens	CSV, TXT, XLSX	no	no	no
GSE128933	Homo sapiens	CSV	no	no	no
GSE128890	Mus musculus; Homo sapiens	MTX, TSV	no	no	no
GSE128889	Homo sapiens; Mus musculus	MTX, TSV	no	no	no
GSE128223	Homo sapiens	TSV	no	no	no
GSE126068	Homo sapiens	CSV	no	no	no
GSE117498	Homo sapiens	TSV	no	no	no
GSE117570	Homo sapiens	TXT	no	no	no
GSE130346	Homo sapiens	CSV	no	no	no
GSE126042	Homo sapiens	CSV, TXT	no	no	no
GSE101132	Homo sapiens	TXT	no	no	no
GSE101076	Homo sapiens	TXT	no	no	no
GSE100722	Homo sapiens	TXT	no	no	no
GSE130238	Homo sapiens	MTX, TSV	no	no	no
GSE119507	Homo sapiens	MTX, TSV	no	no	no
GSE119506	Homo sapiens	MTX, TSV	no	no	no
GSE119343	Homo sapiens	TXT	no	no	no
GSE119274	Homo sapiens	TXT	no	no	no
GSE113616	Homo sapiens	CSV	no	no	no
GSE130148	Homo sapiens	CSV, RDATA, TXT	no	yes	yes
GSE124989	Homo sapiens	XLSX	no	no	no
GSE115301	Homo sapiens; Mus musculus	CSV, TXT	yes	no	yes
GSE123585	Homo sapiens	TSV, WIG	no	no	no
GSE130065	Homo sapiens; Mus musculus	CSV, MTX, TSV, TXT	no	no	no
GSE129933	Homo sapiens	TSV	yes	no	yes
GSE127202	Homo sapiens	TAR, TXT	no	no	no
GSE127201	Homo sapiens	BED, XLSX	no	no	no
GSE127199	Homo sapiens	TAR, TXT	no	no	no
GSE129653	Homo sapiens	TXT	no	no	no
GSE117309	Mus musculus; Homo sapiens	FASTA, TAR, TXT	no	no	no
GSE129578	Homo sapiens; Mus musculus	MTX	no	no	no
GSE129570	Homo sapiens	CSV	no	no	no
GSE126022	Homo sapiens	TXT	no	no	no
GSE127465	Homo sapiens; Mus musculus	MTX, TSV	yes	no	yes
GSE128993	Mus musculus; Rattus norvegicus; Homo sapiens; Sus scrofa	TXT	no	no	no
GSE128992	Sus scrofa; Homo sapiens; Mus musculus; Rattus norvegicus	TXT	no	no	no
GSE128991	Mus musculus; Homo sapiens	XLSX	no	no	no
GSE125680	Homo sapiens; Mus musculus	MTX, TSV, TXT	no	no	no
GSE124675	Homo sapiens	CSV	no	no	no
GSE81730	Homo sapiens	TXT	no	no	no
GSE129096	Homo sapiens	TSV	no	no	no
GSE112507	Homo sapiens	TXT	no	no	no
GSE129007	Homo sapiens	TXT	no	no	no
GSE119149	Homo sapiens	TXT	no	no	no
GSE113046	Homo sapiens	TXT	no	no	no
GSE124899	Homo sapiens	MTX, TSV	no	no	no
GSE118937	Homo sapiens; Mus musculus	CSV	no	no	no
GSE120261	Homo sapiens; Mus musculus	CSV	no	no	no
GSE112274	Homo sapiens	CSV	no	no	no
GSE107646	Homo sapiens	TXT	no	no	no
GSE122703	Homo sapiens	MTX, TSV	no	no	no
GSE100725	Homo sapiens	none	no	no	no
GSE127955	Homo sapiens	TXT	no	no	no
GSE123070	Homo sapiens	TXT	no	no	no
GSE111404	Homo sapiens	TXT	no	no	no
GSE128331	Homo sapiens	CSV	no	no	no
GSE128147	Mus musculus; other sequences; Homo sapiens	TXT	no	no	no
GSE124334	Homo sapiens	MTX, TSV	no	no	no
GSE119561	Homo sapiens	MTX, TSV	no	no	no
GSE128066	Mus musculus; Homo sapiens	MTX, TSV	no	no	no
GSE128040	Homo sapiens	TXT	no	no	no
GSE127888	Homo sapiens	TXT	no	no	no
GSE124031	Homo sapiens	CSV, MTX, TSV, TXT	no	no	no
GSE127221	Homo sapiens	RDS, TXT	yes	yes	yes
GSE123782	Homo sapiens	TXT	no	no	no
GSE115389	Homo sapiens	TXT	no	no	no
GSE126310	Mus musculus; Homo sapiens	CSV, TXT	no	no	no
GSE119594	Homo sapiens	MTX, TSV	no	no	no
GSE117211	Homo sapiens	MTX, TSV	no	no	no
GSE127298	Homo sapiens	TXT	no	no	no
GSE124174	Homo sapiens	TXT	no	no	no
GSE122583	Homo sapiens	TSV	no	no	no
GSE122582	Homo sapiens	TXT	no	no	no
GSE118203	Homo sapiens	TSV	no	no	no
GSE116256	Homo sapiens	TXT	no	no	no
GSE115218	Homo sapiens	TSV	no	no	no
GSE115217	Homo sapiens	TSV	no	no	no
GSE115214	Homo sapiens	TSV, TXT	no	no	no
GSE115210	Homo sapiens	TXT	no	no	no
GSE115209	Homo sapiens	TXT	no	no	no
GSE116222	Homo sapiens	TXT	no	no	no
GSE124438	Homo sapiens	CEL, CSV	no	no	no
GSE124437	Homo sapiens	CSV, TXT	no	no	no
GSE123926	Homo sapiens	MTX, TSV	no	no	no
GSE126158	Homo sapiens	XLSX	no	no	no
GSE119271	Homo sapiens; Mus musculus	FPKM_TRACKING	no	no	no
GSE96676	Homo sapiens; Mus musculus	BW	no	no	no
GSE126908	Homo sapiens	CSV	no	no	no
GSE126906	Homo sapiens	CSV	no	no	no
GSE111015	Homo sapiens	BIGWIG, NARROWPEAK	no	no	no
GSE111014	Homo sapiens	MTX, TSV	no	no	no
GSE126836	Homo sapiens; Mus musculus	CSV, MTX	no	no	no
GSE116621	Homo sapiens	TXT	no	no	no
GSE114530	Homo sapiens	MTX, TSV	no	no	no
GSE126780	Homo sapiens	CSV	no	no	no
GSE110791	Homo sapiens	CSV	no	no	no
GSE125587	Homo sapiens	TXT	no	no	no
GSE110684	Homo sapiens	BW, CSV, TXT	no	no	no
GSE108116	Homo sapiens; Mus musculus	BED, TXT	no	no	no
GSE108115	Homo sapiens	TXT	no	no	no
GSE124335	Homo sapiens	CSV, TXT	no	no	no
GSE115937	Homo sapiens	CSV, TAB	no	no	no
GSE115936	Homo sapiens	CSV, TAB	no	no	no
GSE115861	Homo sapiens	CSV, TAB	no	no	no
GSE121265	Homo sapiens	RDS, TXT	no	yes	yes
GSE122198	Homo sapiens	TXT	no	no	no
GSE105454	Homo sapiens	none	no	no	no
GSE105452	Homo sapiens	TXT	no	no	no
GSE105451	Homo sapiens	TXT	no	no	no
GSE126261	Homo sapiens	TXT	no	no	no
GSE126250	Homo sapiens	TSV	no	no	no
GSE124299	Macaca mulatta; Homo sapiens; Pan troglodytes	TXT, XLSX	yes	no	yes
GSE126111	Homo sapiens	TXT	no	no	no
GSE126085	Homo sapiens	TXT	no	no	no
GSE109761	Homo sapiens; Mus musculus	RDS, TXT	no	yes	yes
GSE115986	Homo sapiens	TXT	no	no	no
GSE126027	Homo sapiens	CSV	no	no	no
GSE116481	Homo sapiens	TXT	yes	no	yes
GSE101558	Homo sapiens	CLOUPE, TSV, TXT	no	no	no
GSE106118	Homo sapiens	TXT	no	no	no
GSE123264	Homo sapiens	TXT	no	no	no
GSE106810	Homo sapiens; Mus musculus	BW, TXT	no	no	no
GSE125416	Homo sapiens	H5, MTX, TSV	no	no	no
GSE125300	Homo sapiens	CSV, TXT	no	no	no
GSE93706	Homo sapiens	BW, FPKM_TRACKING	no	no	no
GSE108632	Homo sapiens	XLSX	no	no	no
GSE111065	Homo sapiens	TXT	no	no	no
GSE124862	Homo sapiens	TXT	no	no	no
GSE124859	Homo sapiens	TXT	no	no	no
GSE124858	Homo sapiens	TXT	no	no	no
GSE124731	Homo sapiens	TXT	yes	no	yes
GSE124703	Homo sapiens	MTX, TSV, TXT	no	no	no
GSE120861	Homo sapiens	MTX, RDS, TSV, TXT	no	yes	yes
GSE123028	Homo sapiens	CSV	no	no	no
GSE119984	Homo sapiens	TSV	no	no	no
GSE119983	Homo sapiens	TSV	no	no	no
GSE119982	Homo sapiens	TSV	no	no	no
GSE119936	Homo sapiens	TSV	no	no	no
GSE115011	Homo sapiens	CSV, TXT	no	no	no
GSE124365	Homo sapiens	CSV	no	no	no
GSE123139	Homo sapiens	TXT	no	no	no
GSE117844	Homo sapiens	TXT	no	no	no
GSE115305	Homo sapiens	TXT	no	no	no
GSE124314	Homo sapiens	TXT	no	no	no
GSE124308	Homo sapiens	TSV	no	no	no
GSE124263	Homo sapiens	MTX, TSV	no	no	no
GSE122342	Homo sapiens	MTX, TSV, TXT	no	no	no
GSE107794	Homo sapiens	TXT	no	no	no
GSE120522	Homo sapiens; Mus musculus	FA, GTF, MTX, TSV, TXT	no	no	no
GSE119893	Homo sapiens	CSV	no	no	no
GSE123844	Homo sapiens	TXT	no	no	no
GSE122960	Homo sapiens	H5	no	no	no
GSE114670	Homo sapiens	TAB	no	no	no
GSE111360	Homo sapiens	CSV, MTX, TSV, TXT	no	no	no
GSE108556	Homo sapiens; Mus musculus	BEDGRAPH, BIGWIG, TXT	no	no	no
GSE123604	Homo sapiens	BW, TXT	no	no	no
GSE121069	Mus musculus; Homo sapiens	TXT	no	no	no
GSE123476	Homo sapiens	TXT	no	no	no
GSE117156	Homo sapiens	TXT	yes	no	yes
GSE114802	Homo sapiens	CSV, MTX, TSV	no	no	no
GSE119969	Homo sapiens	TXT	no	no	no
GSE117403	Homo sapiens	MTX, TSV	no	no	no
GSE117271	Homo sapiens	TXT	no	no	no
GSE51025	Homo sapiens	BW, TXT, WIG	no	no	no
GSE122873	Homo sapiens	TXT	no	no	no
GSE119139	Homo sapiens	CSV, H5	no	no	no
GSE115257	Homo sapiens	TXT	no	no	no
GSE113253	Homo sapiens	BED, TXT, ZIP	no	no	no
GSE123074	Homo sapiens	XLSX	no	no	no
GSE111301	Mus musculus; Homo sapiens	CSV, TSV, TXT	no	no	no
GSE104869	Homo sapiens	TXT	no	no	no
GSE97693	Homo sapiens	TXT	no	no	no
GSE119750	Homo sapiens	TXT	yes	no	yes
GSE115926	Homo sapiens	TSV, TXT	no	no	no
GSE81585	Homo sapiens	BW, TXT	no	no	no
GSE122846	Homo sapiens	H5, MTX, TSV	no	no	no
GSE120796	Homo sapiens	TXT	no	no	no
GSE117872	Homo sapiens	TXT	no	no	no
GSE116011	Homo sapiens; Mus musculus; synthetic construct	TXT	no	no	no
GSE119455	Homo sapiens	TXT	no	no	no
GSE107864	Homo sapiens	none	no	no	no
GSE107863	Homo sapiens	TXT	no	no	no
GSE107858	Homo sapiens	TXT	no	no	no
GSE119807	Homo sapiens	TXT	no	no	no
GSE116672	Homo sapiens	TSV	no	no	no
GSE118900	Homo sapiens	TXT	no	no	no
GSE113901	Mus musculus; Homo sapiens	CSV, XLSX	no	no	no
GSE122326	Homo sapiens	TDF, TXT	no	no	no
GSE121267	Homo sapiens	MTX, TSV	no	no	no
GSE109645	Homo sapiens	TXT	no	no	no
GSE109037	Mus musculus; Homo sapiens	MTX, TSV	no	no	no
GSE108977	Homo sapiens	TXT	no	no	no
GSE121720	Homo sapiens	BIGWIG, CSV, TXT	no	no	no
GSE121717	Homo sapiens	BIGWIG, TXT	no	no	no
GSE107517	Homo sapiens	CSV	no	no	no
GSE118828	Homo sapiens	CSV	no	no	no
GSE112692	Homo sapiens	TXT	no	no	no
GSE109535	Homo sapiens; Mus musculus	TXT, XLSX	no	no	no
GSE122041	Homo sapiens	TXT	no	no	no
GSE121429	Homo sapiens	CLOUPE	no	no	no
GSE115978	Homo sapiens	CSV	no	no	no
GSE121655	Mus musculus; Homo sapiens	TXT	no	no	no
GSE114071	Homo sapiens	GCT	no	no	no
GSE111545	Homo sapiens	TXT	no	no	no
GSE111543	Homo sapiens	TXT	no	no	no
GSE121699	Homo sapiens	CSV	no	no	no
GSE121579	Homo sapiens	CSV	no	no	no
GSE114044	Mus musculus; Homo sapiens	CSV	no	no	no
GSE115469	Homo sapiens	CSV	no	no	no
GSE111717	Homo sapiens	TXT	no	no	no
GSE120508	Homo sapiens	none	no	no	no
GSE120506	Homo sapiens	TXT	no	no	no
GSE116683	Homo sapiens	CSV	no	no	no
GSE112013	Homo sapiens	TXT	no	no	no
GSE118184	Homo sapiens	TXT	no	no	no
GSE116180	Homo sapiens	TXT	no	no	no
GSE110973	Homo sapiens	H5	no	no	no
GSE119767	Homo sapiens	TXT, XLSX	no	no	no
GSE111462	Homo sapiens; Mus musculus	H5, TXT	no	no	no
GSE111458	Homo sapiens	TXT	no	no	no
GSE120904	Homo sapiens	TXT	no	no	no
GSE120839	Homo sapiens; Canis lupus familiaris; Influenza A virus (A/WSN/1933(H1N1))	FASTA, MTX, TSV	no	no	no
GSE120575	Homo sapiens	TXT	no	no	no
GSE107771	Homo sapiens	CSV	no	no	no
GSE104987	Homo sapiens	TSV	no	no	no
GSE104985	Homo sapiens	TXT	no	no	no
GSE113089	Homo sapiens	CSV, HTML	no	no	no
GSE109534	Homo sapiens	TXT	no	no	no
GSE114374	Homo sapiens; Mus musculus	TXT	no	no	no
GSE120446	Homo sapiens	H5, JSON, MTX, TSV	no	no	no
GSE120444	Homo sapiens	H5, JSON, TSV, TXT	no	no	no
GSE119373	Homo sapiens	TXT	no	no	no
GSE105211	Homo sapiens	TXT	no	no	no
GSE95459	Homo sapiens	none	no	no	no
GSE95450	Homo sapiens	TXT	no	no	no
GSE95446	Homo sapiens	TXT	no	no	no
GSE95435	Homo sapiens	TXT	no	no	no
GSE107185	unidentified plasmid; Homo sapiens	CSV, TSV, TXT	no	no	no
GSE120269	Homo sapiens	CSV	no	no	no
GSE120221	Homo sapiens	MTX, TSV	no	no	no
GSE118723	Homo sapiens	RDS, TXT	no	yes	yes
GSE117397	Homo sapiens	TXT	no	no	no
GSE101207	Homo sapiens; Mus musculus	BW, TXT	no	no	no
GSE115798	Homo sapiens	CSV, TXT	no	no	no
GSE115639	Homo sapiens	CSV	no	no	no
GSE104995	Homo sapiens	TXT	no	no	no
GSE118209	Homo sapiens	TXT	no	no	no
GSE119859	Homo sapiens; Mus musculus	BW	no	no	no
GSE119630	Homo sapiens; Mus musculus; Rattus norvegicus	CSV	no	no	no
GSE119562	Homo sapiens; Mus musculus	CSV	no	no	no
GSE119450	Homo sapiens	CSV, TAR	no	no	no
GSE103518	Homo sapiens	HDF5	no	no	no
GSE119428	Homo sapiens; Mus musculus	JSON, TSV, TXT	no	no	no
GSE115982	Homo sapiens	CSV	no	no	no
GSE101061	Homo sapiens	XLSX	no	no	no
GSE117988	Homo sapiens	CSV	no	no	no
GSE72612	Homo sapiens	TXT	no	no	no
GSE106487	Homo sapiens	TXT, XLS	no	no	no
GSE117089	Homo sapiens; Mus musculus	CSV, TXT	no	no	no
GSE117131	Homo sapiens; Mus musculus	TXT	no	no	no
GSE109488	Homo sapiens	TXT	no	no	no
GSE119035	Homo sapiens	CEL	no	no	no
GSE115397	Homo sapiens	TXT	no	no	no
GSE114161	Homo sapiens	CSV, TSV, TXT	no	no	no
GSE118767	Homo sapiens	CSV, TXT	no	no	no
GSE118734	Homo sapiens	TXT	no	no	no
GSE118733	Homo sapiens	TXT	no	no	no
GSE117617	Homo sapiens	CSV, XLS	no	no	no
GSE117450	Homo sapiens	CSV, TXT	no	no	no
GSE118706	Homo sapiens	CSV	no	no	no
GSE118704	Homo sapiens	CSV, TXT	no	no	no
GSE115405	Homo sapiens	TXT	no	no	no
GSE108546	Homo sapiens	TXT	no	no	no
GSE118390	Homo sapiens	none	no	no	no
GSE118389	Homo sapiens	TXT	no	no	no
GSE108288	Homo sapiens	MTX, TSV	no	no	no
GSE102592	Homo sapiens; Mus musculus	MTX, TSV	no	no	no
GSE107747	Homo sapiens	MTX, TSV	no	no	no
GSE114462	Homo sapiens	none	no	no	no
GSE114461	Homo sapiens	CSV	no	no	no
GSE114460	Homo sapiens	CSV	no	no	no
GSE114459	Homo sapiens	CSV	no	no	no
GSE111683	Homo sapiens	BED, GTF, TXT	no	no	no
GSE102580	Mus musculus; Homo sapiens	TSV	yes	no	yes
GSE111860	Homo sapiens	TXT	yes	no	yes
GSE111689	Homo sapiens	BED, GTF, IDAT	no	no	no
GSE95143	Homo sapiens; Mus musculus	BED, BW	no	no	no
GSE95140	Mus musculus; Homo sapiens	TXT	no	no	no
GSE115189	Homo sapiens	H5	no	no	no
GSE103568	Homo sapiens; Mus musculus	TXT	no	no	no
GSE102139	Homo sapiens	TXT	no	no	no
GSE117618	Homo sapiens	CSV, XLS	no	no	no
GSE112845	Homo sapiens	MTX, TSV	no	no	no
GSE117480	Homo sapiens	TXT	no	no	no
GSE89497	Homo sapiens	TXT	no	no	no
GSE107073	Homo sapiens	BW	no	no	no
GSE107071	Homo sapiens	TXT	no	no	no
GSE94453	Homo sapiens	TXT	no	no	no
GSE104782	Homo sapiens	TXT, XLSX	no	no	no
GSE117324	Homo sapiens	BED, TSV	no	no	no
GSE117313	Homo sapiens	TSV	no	no	no
GSE115353	Homo sapiens	none	no	no	no
GSE114961	Homo sapiens	TSV, TXT	no	no	no
GSE116237	Homo sapiens	TXT	no	no	no
GSE114998	Homo sapiens	XLSX	no	no	no
GSE114297	Homo sapiens	MTX, TSV	no	no	no
GSE116555	Homo sapiens	RDA, TXT	no	yes	yes
GSE116500	Homo sapiens	CSV	no	no	no
GSE103224	Homo sapiens	TXT	no	no	no
GSE108397	Homo sapiens	MTX, TSV	no	no	no
GSE108394	Homo sapiens	MTX, TSV	no	no	no
GSE108383	Homo sapiens	TXT	no	no	no
GSE108382	Homo sapiens	TXT	no	no	no
GSE103723	Homo sapiens	TXT, XLSX	no	no	no
GSE114727	Homo sapiens	CSV, MTX, TSV	no	no	no
GSE114725	Homo sapiens	CSV	no	no	no
GSE114724	Homo sapiens	CSV, MTX, TSV	no	no	no
GSE115580	Homo sapiens	none	no	no	no
GSE115578	Homo sapiens	CSV	no	no	no
GSE100483	Homo sapiens	TXT	no	no	no
GSE99254	Homo sapiens	TXT	no	no	no
GSE110686	Homo sapiens	MTX, TSV	no	no	no
GSE116113	Homo sapiens	TXT	no	no	no
GSE99822	Homo sapiens	TXT	no	no	no
GSE116061	Homo sapiens	TXT	no	no	no
GSE112230	Homo sapiens; Mus musculus	BW, CSV, NARROWPEAK	no	no	no
GSE115961	Homo sapiens	BED, BW, TSV	no	no	no
GSE115960	Homo sapiens	TSV	no	no	no
GSE114156	Homo sapiens	TXT	no	no	no
GSE109564	Homo sapiens	TXT	no	no	no
GSE115795	Homo sapiens	CSV	no	no	no
GSE111912	Homo sapiens	TXT	no	no	no
GSE113931	Homo sapiens; Pan troglodytes	TXT	no	no	no
GSE103867	Homo sapiens	MTX, TSV	no	no	no
GSE103866	Homo sapiens	TXT	no	no	no
GSE103591	Homo sapiens	none	no	no	no
GSE112417	Homo sapiens; Mus musculus	BIGWIG, CSV, TXT	no	no	no
GSE114371	Homo sapiens	TXT	no	no	no
GSE113036	Homo sapiens	CSV, MTX, TSV	no	no	no
GSE55343	Homo sapiens	TXT	no	no	no
GSE115097	Homo sapiens	CSV	no	no	no
GSE106245	Pongo abelii; Pan troglodytes; Macaca mulatta; Homo sapiens	GTF, TAR, TSV, TXT	no	no	no
GSE115007	Homo sapiens	CSV, TXT	no	no	no
GSE115006	Homo sapiens	CSV, TXT	no	no	no
GSE113168	Homo sapiens	TSV	no	no	no
GSE110499	Homo sapiens	TXT	no	no	no
GSE99255	Homo sapiens	TAB, TXT	no	no	no
GSE106202	Homo sapiens	TXT	no	no	no
GSE92274	Mus musculus; Homo sapiens	PDF, TXT	no	no	no
GSE109718	Homo sapiens	TXT	no	no	no
GSE109205	Homo sapiens	TXT	no	no	no
GSE114397	Homo sapiens	TSV, TXT	no	no	no
GSE94957	Homo sapiens	BW	no	no	no
GSE97727	Homo sapiens	TXT	no	no	no
GSE113660	Homo sapiens	MTX, TSV, TXT	no	no	no
GSE113675	Homo sapiens; Mus musculus	TXT	no	no	no
GSE96811	Homo sapiens	TXT	no	no	no
GSE96772	Homo sapiens	none	no	no	no
GSE102090	Homo sapiens	HDF5, MTX, TSV	no	no	no
GSE98440	Homo sapiens	CSV, TXT	no	no	no
GSE112732	Homo sapiens	TXT	no	no	no
GSE102130	Homo sapiens	TXT	no	no	no
GSE113198	Homo sapiens	TXT	no	no	no
GSE113197	Homo sapiens	TXT	no	no	no
GSE113196	Homo sapiens	TXT	no	no	no
GSE113127	Homo sapiens	TXT	no	no	no
GSE113099	Homo sapiens	TXT	no	no	no
GSE111764	Homo sapiens; Mus musculus; Schmidtea mediterranea	TXT	no	no	no
GSE102934	Homo sapiens	CSV, H5, TXT, XLSX	no	no	no
GSE112570	Homo sapiens	MTX, TSV	no	no	no
GSE110798	Homo sapiens	XLSX	no	no	no
GSE90015	Homo sapiens	BW, IDAT, TSV	no	no	no
GSE90014	Homo sapiens	TSV	no	no	no
GSE111831	Homo sapiens; Mus musculus	TXT	no	no	no
GSE79280	Homo sapiens	TSV	no	no	no
GSE103239	Homo sapiens	none	no	no	no
GSE103154	Homo sapiens	TXT, XLSX	no	no	no
GSE95630	Homo sapiens	TXT, XLSX	no	no	no
GSE95155	Homo sapiens; other sequences	TSV	no	no	no
GSE110513	Homo sapiens	CSV	no	no	no
GSE108849	Homo sapiens	TXT	no	no	no
GSE104858	Homo sapiens	TXT	no	no	no
GSE108275	Homo sapiens	TXT	no	no	no
GSE96986	Mus musculus; other sequences; Homo sapiens	CEL	no	no	no
GSE96982	Homo sapiens; Mus musculus; other sequences	TXT	no	no	no
GSE111901	Homo sapiens	TXT	no	no	no
GSE90553	Homo sapiens	BED, MTX, TSV, TXT	no	no	no
GSE111727	Homo sapiens	TXT	no	no	no
GSE110626	Homo sapiens	TXT	no	no	no
GSE83443	Homo sapiens	TXT	no	no	no
GSE107552	Homo sapiens	CSV	no	no	no
GSE104490	Homo sapiens	TXT	no	no	no
GSE99795	Homo sapiens	TXT	no	no	no
GSE109706	Homo sapiens	none	no	no	no
GSE111108	Homo sapiens	CSV	no	no	no
GSE110501	Homo sapiens; Mus musculus	GTF, TXT	no	no	no
GSE103920	Homo sapiens	none	no	no	no
GSE103919	Homo sapiens	TXT	no	no	no
GSE103918	Homo sapiens	MTX, TSV	no	no	no
GSE98556	Homo sapiens	TXT	no	no	no
GSE110496	Homo sapiens	TSV	no	no	no
GSE110823	Homo sapiens; Mus musculus	MAT	no	no	no
GSE100694	Homo sapiens	CSV	no	no	no
GSE101341	Homo sapiens	TXT	no	no	no
GSE109990	Homo sapiens	none	no	no	no
GSE109979	Homo sapiens	TXT	no	no	no
GSE109658	Homo sapiens	TXT	no	no	no
GSE80797	Homo sapiens; Mus musculus	TXT	no	no	no
GSE108097	Homo sapiens; Mus musculus	TAR, TXT	no	no	no
GSE102596	Homo sapiens	TSV	no	no	no
GSE99305	Homo sapiens	TXT	no	no	no
GSE109822	Homo sapiens	CSV	no	no	no
GSE104276	Homo sapiens	TXT, XLS, XLSX	no	no	no
GSE95021	Homo sapiens	TXT	no	no	no
GSE95020	Homo sapiens	TXT	no	no	no
GSE94980	Homo sapiens	TXT	no	no	no
GSE94979	Homo sapiens	TXT	no	no	no
GSE106543	Homo sapiens	TXT	no	no	no
GSE77882	Homo sapiens	TXT	no	no	no
GSE109542	Homo sapiens; Mus musculus	CSV, MTX, TSV	no	no	no
GSE108699	Homo sapiens	MTX, RDS, TSV	yes	yes	yes
GSE100033	Homo sapiens; Mus musculus	BW, MAT, TXT	no	no	no
GSE106544	Homo sapiens	none	no	no	no
GSE106542	Homo sapiens	TXT	no	no	no
GSE106541	Homo sapiens	TXT	no	no	no
GSE106540	Homo sapiens	TXT	no	no	no
GSE103461	Homo sapiens	TXT	no	no	no
GSE109449	Homo sapiens	TSV	yes	no	yes
GSE100384	Homo sapiens; Mus musculus	TXT	no	no	no
GSE95542	Homo sapiens	TXT	no	no	no
GSE103350	Homo sapiens	XLS	no	no	no
GSE108291	Homo sapiens; Mus musculus	CSV, MTX, TSV	no	no	no
GSE108313	Homo sapiens	CSV, TXT	no	no	no
GSE108571	Homo sapiens	H5	no	no	no
GSE108444	Homo sapiens	CSV	no	no	no
GSE108443	Homo sapiens	CSV	no	no	no
GSE80212	Homo sapiens	CSV	no	no	no
GSE81233	Homo sapiens; Mus musculus	BED, FPKM_TRACKING, TXT	no	no	no
GSE108041	Influenza A virus (A/WSN/1933(H1N1)); Homo sapiens	FASTA, GTF, H5, TXT	no	no	no
GSE97942	Homo sapiens	TAR	no	no	no
GSE97930	Homo sapiens	TXT	no	no	no
GSE101601	Mus musculus; Homo sapiens	XLSX	no	no	no
GSE98852	Homo sapiens	TXT	no	no	no
GSE103322	Homo sapiens	TXT	no	no	no
GSE104600	Homo sapiens	MTX, TSV	no	no	no
GSE102698	Homo sapiens; Mus musculus	CSV	no	no	no
GSE93722	Homo sapiens	TXT	no	no	no
GSE101519	Homo sapiens	TXT	no	no	no
GSE101518	Homo sapiens	CSV	no	no	no
GSE100618	Homo sapiens	TXT	no	no	no
GSE106391	Homo sapiens	TXT	no	no	no
GSE98644	Homo sapiens	TXT	no	no	no
GSE84465	Homo sapiens	CSV	no	no	no
GSE105064	Homo sapiens	TXT	no	no	no
GSE99095	Homo sapiens	CSV, GTF	no	no	no
GSE99909	Homo sapiens	CSV	no	no	no
GSE90813	Homo sapiens	TXT	no	no	no
GSE81547	Homo sapiens	CSV	no	no	no
GSE84054	Homo sapiens	TXT	no	no	no
GSE100120	Mus musculus; Homo sapiens	none	no	no	no
GSE100118	Homo sapiens	CSV	no	no	no
GSE103544	Homo sapiens	CSV	no	no	no
GSE100501	Homo sapiens	TXT	no	no	no
GSE102066	Homo sapiens	TXT	no	no	no
GSE97904	Homo sapiens	TSV	no	no	no
GSE98561	Caenorhabditis elegans; Homo sapiens; Mus musculus	CSV, RDATA, TXT	no	yes	yes
GSE97080	Homo sapiens	BW, TXT	no	no	no
GSE97655	Homo sapiens	TXT	no	no	no
GSE84686	Homo sapiens	TXT	no	no	no
GSE100866	Homo sapiens	CSV	no	no	no
GSE99951	Homo sapiens	CSV	no	no	no
GSE98201	Homo sapiens	MTX, TSV, TXT	no	no	no
GSE97881	Homo sapiens	XLSX	no	no	no
GSE96993	Homo sapiens; Mus musculus	XLSX	no	no	no
GSE99778	Homo sapiens	XLSX	no	no	no
GSE85908	Homo sapiens	BED, CSV, WIG	yes	no	yes
GSE84323	Homo sapiens	TXT	no	no	no
GSE79306	Homo sapiens; Mus musculus	TXT	no	no	no
GSE90683	Homo sapiens	BED, BW, NARROWPEAK, TXT	no	no	no
GSE100669	Homo sapiens	TXT, XLS	no	no	no
GSE100337	Homo sapiens	TXT	no	no	no
GSE96981	Homo sapiens; Mus musculus	CSV	no	no	no
GSE96583	Homo sapiens	MAT, MTX, TSV, TXT	no	no	no
GSE96569	Homo sapiens	none	no	no	no
GSE96568	Homo sapiens	TXT	no	no	no
GSE96564	Homo sapiens	TXT	no	no	no
GSE96563	Homo sapiens	TXT	no	no	no
GSE96562	Homo sapiens	TXT	no	no	no
GSE95736	Macaca mulatta; Homo sapiens	TXT	no	no	no
GSE81812	Homo sapiens	TXT	no	no	no
GSE99330	Homo sapiens	TXT	no	no	no
GSE91395	Homo sapiens; synthetic construct; unidentified	XLSX	no	no	no
GSE98638	Homo sapiens	TAB, TXT	no	no	no
GSE85112	Homo sapiens	TXT	no	no	no
GSE85111	Homo sapiens	TXT	no	no	no
GSE76312	Homo sapiens	RDATA, TXT	no	yes	yes
GSE98734	Homo sapiens	TXT, XLSX	yes	no	yes
GSE96677	Mus musculus; Homo sapiens	TXT	no	no	no
GSE97168	Homo sapiens	TXT	yes	no	yes
GSE89164	Homo sapiens; Mus musculus; Drosophila melanogaster	TXT	no	no	no
GSE96106	Homo sapiens	TXT	no	no	no
GSE98052	Homo sapiens	TXT	no	no	no
GSE98011	Homo sapiens	TXT	no	no	no
GSE86153	Homo sapiens	CSV, TXT	no	no	no
GSE96045	Homo sapiens	none	no	no	no
GSE95837	Homo sapiens	TXT	no	no	no
GSE93811	Homo sapiens	CSV	no	no	no
GSE93321	Homo sapiens	TXT	no	no	no
GSE97564	Homo sapiens	MTX, TSV, TXT	no	no	no
GSE94820	Homo sapiens	TXT	no	no	no
GSE97726	Homo sapiens	TXT	no	no	no
GSE97681	Homo sapiens	TSV	no	no	no
GSE97679	Homo sapiens	TSV	no	no	no
GSE96827	Homo sapiens	TXT	no	no	no
GSE81848	Homo sapiens; Mus musculus	TXT	no	no	no
GSE81750	Homo sapiens	TXT	no	no	no
GSE81749	Homo sapiens	TXT	no	no	no
GSE81748	Homo sapiens	TXT	no	no	no
GSE81747	Homo sapiens	TXT	no	no	no
GSE81412	Homo sapiens	TXT	no	no	no
GSE97395	Homo sapiens	TXT	no	no	no
GSE85917	Homo sapiens	XLSX	no	no	no
GSE89567	Homo sapiens	TXT	no	no	no
GSE86146	Homo sapiens	TXT	no	no	no
GSE81444	Homo sapiens	none	no	no	no
GSE80727	Homo sapiens	BED, TXT	no	no	no
GSE92541	Homo sapiens	XLSX	no	no	no
GSE81861	Homo sapiens	CSV	no	no	no
GSE84558	Homo sapiens; Mus musculus	FPKM_TRACKING	no	no	no
GSE93801	Homo sapiens	CSV	no	no	no
GSE93593	Homo sapiens	CSV	no	no	no
GSE74639	Homo sapiens	XLS	no	no	no
GSE93511	Homo sapiens	XLSX	no	no	no
GSE93156	Homo sapiens	TXT	no	no	no
GSE92495	Homo sapiens; Mus musculus	TXT	no	no	no
GSE85045	Mus musculus; Homo sapiens	BIGWIG, WIG	no	no	no
GSE79102	Homo sapiens	TXT	no	no	no
GSE85534	Canis lupus familiaris; Homo sapiens; Mus musculus	TSV	no	no	no
GSE90053	Mus musculus; Homo sapiens	XLSX	no	no	no
GSE81252	Homo sapiens	CSV	no	no	no
GSE94555	Homo sapiens	XLSX	no	no	no
GSE90670	Homo sapiens	BED, BEDGRAPH, BIGWIG	no	no	no
GSE90659	Homo sapiens	TXT	no	no	no
GSE89503	Homo sapiens	TXT	no	no	no
GSE87726	Homo sapiens	none	no	no	no
GSE87725	Homo sapiens	TXT	no	no	no
GSE87720	Homo sapiens	TXT	no	no	no
GSE87692	Homo sapiens	TXT	no	no	no
GSE70875	Homo sapiens	none	no	no	no
GSE70874	Homo sapiens	XLSX	no	no	no
GSE84714	Homo sapiens	TSV	no	no	no
GSE75478	Homo sapiens	CSV	no	no	no
GSE92872	Homo sapiens; Mus musculus	CSV	no	no	no
GSE91063	Homo sapiens	XLSX	no	no	no
GSE87849	Homo sapiens	TXT, XLSX	no	no	no
GSE93530	Homo sapiens	TXT	no	no	no
GSE81383	Homo sapiens	TXT	no	no	no
GSE78968	Homo sapiens	DAT, TXT	no	no	no
GSE81671	Homo sapiens	BED, FPKM_TRACKING	no	no	no
GSE89237	Homo sapiens	TXT	no	no	no
GSE89236	Homo sapiens	TXT	no	no	no
GSE89235	Homo sapiens	TXT	no	no	no
GSE89234	Homo sapiens	none	no	no	no
GSE79136	Homo sapiens	none	no	no	no
GSE79130	Homo sapiens	TXT	no	no	no
GSE90063	Homo sapiens; Mus musculus	CSV, TXT	no	no	no
GSE90546	Homo sapiens	CSV, TSV, TXT	no	no	no
GSE75688	Homo sapiens	TXT	no	no	no
GSE86618	Homo sapiens	TXT	no	no	no
GSE85527	Homo sapiens	TXT	no	no	no
GSE83142	Homo sapiens	TXT	no	no	no
GSE81674	Homo sapiens	none	no	no	no
GSE81673	Homo sapiens	TXT	no	no	no
GSE90734	Homo sapiens	XLSX	no	no	no
GSE87641	Homo sapiens	TXT	no	no	no
GSE69319	Homo sapiens	TXT	no	no	no
GSE85573	Homo sapiens	none	no	no	no
GSE89232	Homo sapiens	TXT	no	no	no
GSE79552	Mus musculus; Homo sapiens	BW, TXT	no	no	no
GSE86473	Homo sapiens	none	no	no	no
GSE86469	Homo sapiens	CSV	no	no	no
GSE86468	Homo sapiens	CSV	no	no	no
GSE87945	Homo sapiens	BIGWIG, TSV, TXT	no	no	no
GSE87944	Homo sapiens	BIGWIG, TSV, TXT	no	no	no
GSE85784	Homo sapiens	TSV	no	no	no
GSE85783	Homo sapiens	TSV	no	no	no
GSE85782	Homo sapiens	TSV	no	no	no
GSE87195	Homo sapiens	CSV	no	no	no
GSE70630	Homo sapiens	TXT	no	no	no
GSE86207	Pan troglodytes; Homo sapiens	TXT	no	no	no
GSE88850	Homo sapiens	TXT	no	no	no
GSE87239	Homo sapiens	CGMAP, TXT	no	no	no
GSE87237	Homo sapiens	TXT	no	no	no
GSE84799	Homo sapiens	RCC	no	no	no
GSE84789	Homo sapiens	TXT	no	no	no
GSE76381	Mus musculus; Homo sapiens	TXT	no	no	no
GSE85241	Homo sapiens	CSV, PDF	no	no	no
GSE86985	Homo sapiens	CSV	no	no	no
GSE86982	Homo sapiens	CSV	no	no	no
GSE86977	Homo sapiens	CSV	no	no	no
GSE86894	Homo sapiens	none	no	no	no
GSE84133	Homo sapiens; Mus musculus	CSV	no	no	no
GSE75659	Homo sapiens; Mus musculus	TXT	no	no	no
GSE67848	Homo sapiens	TXT	no	no	no
GSE74450	Homo sapiens	GTF, XLS	no	no	no
GSE81475	Homo sapiens	TXT	no	no	no
GSE86105	Homo sapiens	none	no	no	no
GSE86104	Homo sapiens	TXT	no	no	no
GSE86103	Homo sapiens	TXT	no	no	no
GSE86102	Homo sapiens	TXT	no	no	no
GSE86101	Homo sapiens	TXT	no	no	no
GSE81608	Homo sapiens	TXT	no	no	no
GSE75367	Homo sapiens	TXT	no	no	no
GSE85575	Mus musculus; Homo sapiens	TXT	no	no	no
GSE85183	Homo sapiens	TXT	no	no	no
GSE85066	Homo sapiens	NARROWPEAK, TXT	no	no	no
GSE75748	Homo sapiens	CSV	no	no	no
GSE75868	Homo sapiens	PILEUP, TSV, TXT	no	no	no
GSE83765	Homo sapiens	PILEUP, TXT	no	no	no
GSE63161	Homo sapiens	TXT	no	no	no
GSE77288	Homo sapiens	TXT	no	no	no
GSE83139	Homo sapiens	CSV	no	no	no
GSE79920	Homo sapiens	TXT	no	no	no
GSE81076	Homo sapiens	CSV, RTF, TXT	no	no	no
GSE74210	Homo sapiens	none	no	no	no
GSE74207	Homo sapiens	TXT	no	no	no
GSE83533	Homo sapiens	TXT	no	no	no
GSE74369	Homo sapiens	XLSX	no	no	no
GSE83450	Homo sapiens	CSV	no	no	no
GSE76284	Homo sapiens	XLSX	no	no	no
GSE82070	Homo sapiens	TXT	no	no	no
GSE75384	Homo sapiens	none	no	no	no
GSE74246	Homo sapiens	TXT	no	no	no
GSE77564	Homo sapiens	TXT	no	no	no
GSE71318	Homo sapiens	TXT	no	no	no
GSE80264	Homo sapiens	TXT	no	no	no
GSE79779	Homo sapiens	DIFF, TXT	no	no	no
GSE80297	Homo sapiens	DAT	no	no	no
GSE80551	Homo sapiens	TXT	no	no	no
GSE76314	Homo sapiens	CSV	no	no	no
GSE78509	Homo sapiens	BED, BW, CSV	no	no	no
GSE78508	Homo sapiens	CSV	no	no	no
GSE72056	Homo sapiens	TXT	no	no	no
GSE71315	Homo sapiens	BW, GTF, TXT	no	no	no
GSE78482	Homo sapiens	BIGWIG, TSV, TXT	no	no	no
GSE78480	Homo sapiens	BIGWIG, TSV, TXT	no	no	no
GSE78475	Homo sapiens	BIGWIG, TSV, TXT	no	no	no
GSE78473	Homo sapiens	BIGWIG, TSV, TXT	no	no	no
GSE78463	Homo sapiens	BIGWIG, TSV, TXT	no	no	no
GSE78451	Homo sapiens	BIGWIG, TSV, TXT	no	no	no
GSE78442	Homo sapiens	BIGWIG, TSV, TXT	no	no	no
GSE78439	Homo sapiens	BIGWIG, TSV, TXT	no	no	no
GSE78432	Homo sapiens	BIGWIG, TSV, TXT	no	no	no
GSE78430	Homo sapiens	BIGWIG, TSV, TXT	no	no	no
GSE78426	Homo sapiens	BIGWIG, TSV, TXT	no	no	no
GSE78421	Homo sapiens	BIGWIG, TSV, TXT	no	no	no
GSE78417	Homo sapiens	BIGWIG, TSV, TXT	no	no	no
GSE78410	Homo sapiens	BIGWIG, TSV, TXT	no	no	no
GSE78407	Homo sapiens	BIGWIG, TSV, TXT	no	no	no
GSE78389	Homo sapiens	BIGWIG, TSV, TXT	no	no	no
GSE78387	Homo sapiens	BIGWIG, TSV, TXT	no	no	no
GSE78386	Homo sapiens	BIGWIG, TSV, TXT	no	no	no
GSE78385	Homo sapiens	BIGWIG, TSV, TXT	no	no	no
GSE78381	Homo sapiens	BIGWIG, TSV, TXT	no	no	no
GSE78379	Homo sapiens	BIGWIG, TSV, TXT	no	no	no
GSE78376	Homo sapiens	BIGWIG, TSV, TXT	no	no	no
GSE78365	Homo sapiens	BIGWIG, TSV, TXT	no	no	no
GSE78350	Homo sapiens	BIGWIG, TSV, TXT	no	no	no
GSE78348	Homo sapiens	BIGWIG, TSV, TXT	no	no	no
GSE78347	Homo sapiens	BIGWIG, TSV, TXT	no	no	no
GSE78339	Homo sapiens	BIGWIG, TSV, TXT	no	no	no
GSE78334	Homo sapiens	BIGWIG, TSV, TXT	no	no	no
GSE78331	Homo sapiens	BIGWIG, TSV, TXT	no	no	no
GSE78330	Homo sapiens	BIGWIG, TSV, TXT	no	no	no
GSE78327	Homo sapiens	BIGWIG, TSV, TXT	no	no	no
GSE78324	Homo sapiens	BIGWIG, TSV, TXT	no	no	no
GSE78313	Homo sapiens	BIGWIG, TSV, TXT	no	no	no
GSE78312	Homo sapiens	BIGWIG, TSV, TXT	no	no	no
GSE78311	Homo sapiens	BIGWIG, TSV, TXT	no	no	no
GSE78310	Homo sapiens	BIGWIG, TSV, TXT	no	no	no
GSE78309	Homo sapiens	BIGWIG, TSV, TXT	no	no	no
GSE78308	Homo sapiens	BIGWIG, TSV, TXT	no	no	no
GSE78307	Homo sapiens	BIGWIG, TSV, TXT	no	no	no
GSE65364	Homo sapiens; Mus musculus	TXT	no	no	no
GSE77308	Homo sapiens	TXT	no	no	no
GSE70580	Homo sapiens	TXT	no	no	no
GSE69790	Homo sapiens	TXT	no	no	no
GSE73727	Homo sapiens	TSV	no	no	no
GSE75140	Homo sapiens	TXT	no	no	no
GSE74792	Homo sapiens	TXT	no	no	no
GSE65481	Homo sapiens	TXT	no	no	no
GSE75189	Homo sapiens	XLSX	no	no	no
GSE61844	Homo sapiens; Mus musculus	BED, BEDGRAPH, TXT	no	no	no
GSE69647	Homo sapiens	WIG	no	no	no
GSE74713	Homo sapiens	CEL	no	no	no
GSE71858	Homo sapiens	CSV	no	no	no
GSE68596	Homo sapiens	CSV, TXT	no	no	no
GSE73122	Homo sapiens	TXT	no	no	no
GSE73121	Homo sapiens	TXT	no	no	no
GSE67980	Homo sapiens	TXT	no	no	no
GSE66507	Homo sapiens	TXT	no	no	no
GSE70764	Homo sapiens; Mus musculus	BED, TXT, WIG	no	no	no
GSE67259	Homo sapiens; Mus musculus; Macaca fascicularis	TXT	no	no	no
GSE69292	Homo sapiens	FPKM_TRACKING	no	no	no
GSE64016	Homo sapiens	CSV	no	no	no
GSE53386	Homo sapiens; Mus musculus	TXT	no	no	no
GSE69405	Homo sapiens	TXT	no	no	no
GSE63818	Homo sapiens	BED, TXT	no	no	no
GSE47946	Homo sapiens	TXT	no	no	no
GSE47917	Homo sapiens	CEL, CHP, CNCHP, TXT	no	no	no
GSE66357	Homo sapiens	TXT	no	no	no
GSE67835	Homo sapiens	CSV	no	no	no
GSE66693	Homo sapiens; Mus musculus	BAM, TXT	yes	no	yes
GSE65525	Mus musculus; Homo sapiens	CSV	no	no	no
GSE63269	Homo sapiens; Mus musculus	BAM, TXT	yes	no	yes
GSE66763	Homo sapiens	GTF, TXT	no	no	no
GSE55939	Homo sapiens	TXT	no	no	no
GSE66383	Homo sapiens; Mus musculus	BEDGRAPH, BW	no	no	no
GSE68103	Homo sapiens; Mus musculus	TXT	no	no	no
GSE68102	Homo sapiens	DIFF, FPKM_TRACKING, GFF, TXT	no	no	no
GSE63266	Homo sapiens; Mus musculus	TXT	no	no	no
GSE66053	Homo sapiens	TSV, TXT	no	no	no
GSE66217	Homo sapiens	FPKM_TRACKING	no	no	no
GSE57049	Homo sapiens	FPKM_TRACKING, GTF	no	no	no
GSE64677	Homo sapiens	TXT	no	no	no
GSE61628	Homo sapiens; Mus musculus	CEL, TXT	no	no	no
GSE61626	Homo sapiens	TXT, XLS	no	no	no
GSE52717	Homo sapiens	CEL	no	no	no
GSE52716	Homo sapiens	XLSX	no	no	no
GSE52715	Homo sapiens	XLSX	no	no	no
GSE53638	Homo sapiens	DAT	no	no	no
GSE63058	Homo sapiens	BIGBED, BIGWIG, CEL, CYCHP	no	no	no
GSE63055	Homo sapiens	TXT	no	no	no
GSE62952	Mus musculus; Homo sapiens	CSV, TXT	no	no	no
GSE57182	Homo sapiens	TXT	no	no	no
GSE62408	Homo sapiens	TXT	no	no	no
GSE61917	Homo sapiens	TXT	no	no	no
GSE60407	Homo sapiens	XLS	no	no	no
GSE58652	synthetic construct; Homo sapiens; Mus musculus	TXT	no	no	no
GSE57395	Homo sapiens	TAB	no	no	no
GSE57872	Homo sapiens	TXT	no	no	no
GSE53779	Homo sapiens	TXT	no	no	no
GSE52529	Homo sapiens	TXT	no	no	no
GSE44618	Homo sapiens	FPKM_TRACKING, TXT	no	no	no
GSE51254	Homo sapiens	TXT	no	no	no
GSE49321	Homo sapiens; Mus musculus	TXT	no	no	no
GSE36552	Homo sapiens	BED, TDF, TXT	no	no	no
GSE46817	Homo sapiens	BIGWIG	no	no	no
GSE46805	Homo sapiens	BIGWIG	no	no	no
GSE44183	Mus musculus; Homo sapiens	TXT, WIG	no	no	no
GSE39873	Homo sapiens	BED, CEL, TXT	no	no	no
GSE39872	Homo sapiens	BED, TXT	no	no	no
GSE39821	Homo sapiens	TXT	no	no	no
GSE38495	Homo sapiens; Mus musculus	BED, TXT	no	no	no
