ID	ReleaseDate	PubmedID	Species	files	type	has_meta
E-MTAB-8901	2020-12-22	33290721	Homo sapiens	NA	10xV2	no
E-MTAB-9363	2020-12-20	NA	Homo sapiens	NA	10xV2	no
E-MTAB-9228	2020-12-20	NA	Homo sapiens	NA	10xV3	no
E-MTAB-9083	2020-12-20	NA	Homo sapiens	NA	10xV3	no
E-MTAB-9817	2020-12-15	NA	Mus musculus	103992-001-001_I1.fastq.gz;103992-001-003_I1.fastq.gz;103992-001-005_I1.fastq.gz;103992-001-006_I1.fastq.gz;103992-001-002_I1.fastq.gz;103992-001-004_I1.fastq.gz;103992-001-007_I1.fastq.gz;103992-001-008_I1.fastq.gz;103992-001-001_barcodes.tsv.gz;103992-001-003_barcodes.tsv.gz;103992-001-005_barcodes.tsv.gz;103992-001-006_barcodes.tsv.gz;103992-001-002_barcodes.tsv.gz;103992-001-004_barcodes.tsv.gz;103992-001-007_barcodes.tsv.gz;103992-001-008_barcodes.tsv.gz;103992-001-001_genes.tsv.gz;103992-001-003_genes.tsv.gz;103992-001-005_genes.tsv.gz;103992-001-006_genes.tsv.gz;103992-001-002_genes.tsv.gz;103992-001-004_genes.tsv.gz;103992-001-007_genes.tsv.gz;103992-001-008_genes.tsv.gz;103992-001-001_matrix.mtx.gz;103992-001-003_matrix.mtx.gz;103992-001-005_matrix.mtx.gz;103992-001-006_matrix.mtx.gz;103992-001-002_matrix.mtx.gz;103992-001-004_matrix.mtx.gz;103992-001-007_matrix.mtx.gz;103992-001-008_matrix.mtx.gz	10xV3	no
E-MTAB-9816	2020-12-15	NA	Mus musculus	103471-001-001_I1.fastq.gz;103471-001-002_I1.fastq.gz;103471-001-003_I1.fastq.gz;103471-001-004_I1.fastq.gz;103548-001-001_I1.fastq.gz;103548-001-004_I1.fastq.gz;103548-001-005_I1.fastq.gz;103471-001-001_barcodes.tsv.gz;103471-001-002_barcodes.tsv.gz;103471-001-003_barcodes.tsv.gz;103471-001-004_barcodes.tsv.gz;103548-001-001_barcodes.tsv.gz;103548-001-004_barcodes.tsv.gz;103548-001-005_barcodes.tsv.gz;103471-001-001_features.tsv.gz;103471-001-002_features.tsv.gz;103471-001-003_features.tsv.gz;103471-001-004_features.tsv.gz;103548-001-001_features.tsv.gz;103548-001-004_features.tsv.gz;103548-001-005_features.tsv.gz;103471-001-001_matrix.mtx.gz;103471-001-002_matrix.mtx.gz;103471-001-003_matrix.mtx.gz;103471-001-004_matrix.mtx.gz;103548-001-001_matrix.mtx.gz;103548-001-004_matrix.mtx.gz;103548-001-005_matrix.mtx.gz	10xV3	no
E-MTAB-9233	2020-12-15	33470930	Homo sapiens | Pan paniscus | Pan troglodytes	NA	10xV2	no
E-MTAB-8844	2020-12-15	NA	Mus musculus	NA	10xV3	no
E-MTAB-9489	2020-12-12	NA	Homo sapiens	NA	10xV2	no
E-MTAB-9720	2020-12-10	NA	Homo sapiens	NA	10xV3	no
E-MTAB-9623	2020-12-02	NA	Canis lupus familiaris	Dog1_barcodes.tsv;Dog4_barcodes.tsv;Dog9_barcodes.tsv;Dog10_barcodes.tsv;Dog11_barcodes.tsv;Dog2_barcodes.tsv;Dog3_barcodes.tsv;Dog7_barcodes.tsv;Dog1_genes.tsv;Dog4_genes.tsv;Dog9_genes.tsv;Dog10_genes.tsv;Dog11_genes.tsv;Dog2_genes.tsv;Dog3_genes.tsv;Dog7_genes.tsv;Dog1_matrix.mtx;Dog4_matrix.mtx;Dog9_matrix.mtx;Dog10_matrix.mtx;Dog11_matrix.mtx;Dog2_matrix.mtx;Dog3_matrix.mtx;Dog7_matrix.mtx	10xV2	no
E-MTAB-9178	2020-11-27	NA	Homo sapiens	NA	10xV2	no
E-MTAB-9522	2020-11-24	NA	Mus musculus	NA	10xV1	no
E-MTAB-8810	2020-11-24	32795101	Mus musculus	full_count_matrix.tsv	10xV2	no
E-MTAB-9691	2020-11-13	NA	Mus musculus	TS_GEX-01_S1_L001_I1_001.fastq.gz;TS_GEX-01_S1_L002_I1_001.fastq.gz;TS_GEX-01_S1_L003_I1_001.fastq.gz;TS_GEX-01_S1_L004_I1_001.fastq.gz;TS_GEX-02_S2_L001_I1_001.fastq.gz;TS_GEX-02_S2_L002_I1_001.fastq.gz;TS_GEX-02_S2_L003_I1_001.fastq.gz;TS_GEX-02_S2_L004_I1_001.fastq.gz;TS_VDJ-01_S3_L001_I1_001.fastq.gz;TS_VDJ-01_S3_L002_I1_001.fastq.gz;TS_VDJ-01_S3_L003_I1_001.fastq.gz;TS_VDJ-01_S3_L004_I1_001.fastq.gz;TS_VDJ-02_S4_L001_I1_001.fastq.gz;TS_VDJ-02_S4_L002_I1_001.fastq.gz;TS_VDJ-02_S4_L003_I1_001.fastq.gz;TS_VDJ-02_S4_L004_I1_001.fastq.gz;TS_GEX_01_cell_ranger_metrics_summary.csv;TS_GEX_02_cell_ranger_metrics_summary.csv;TS_VDJ_01_filtered_contig_annotations.csv;TS_VDJ_02_filtered_contig_annotations.csv;TS_GEX_01_filtered_barcodes.tsv.gz;TS_GEX_02_filtered_barcodes.tsv.gz;TS_GEX_01_filtered_features.tsv.gz;TS_GEX_02_filtered_features.tsv.gz;TS_GEX_01_filtered_matrix.mtx.gz;TS_GEX_02_filtered_matrix.mtx.gz	10xV2	yes
E-MTAB-9684	2020-11-07	NA	Schistosoma mansoni	24056_3_AAGGGTGA_S20_L003_I1_001.fastq.gz;24056_3_CGTTAATC_S17_L003_I1_001.fastq.gz;24056_3_GCCACGCT_S18_L003_I1_001.fastq.gz;24056_3_TTACTCAG_S19_L003_I1_001.fastq.gz;24346_5_ACATTACT_S17_L005_I1_001.fastq.gz;24346_5_CAGCCCAC_S19_L005_I1_001.fastq.gz;24346_5_GGCAATGG_S20_L005_I1_001.fastq.gz;24346_5_TTTGGGTA_S18_L005_I1_001.fastq.gz;24346_6_AGGTATTG_S21_L006_I1_001.fastq.gz;24346_6_CTCCTAGT_S22_L006_I1_001.fastq.gz;24346_6_GATGCCAA_S24_L006_I1_001.fastq.gz;24346_6_TCAAGGCC_S23_L006_I1_001.fastq.gz;FUGI_R_D7119553_barcodes.tsv;FUGI_R_D7159524_barcodes.tsv;FUGI_R_D7159525_barcodes.tsv;FUGI_R_D7119553_genes.tsv;FUGI_R_D7159524_genes.tsv;FUGI_R_D7159525_genes.tsv;FUGI_R_D7119553_matrix.mtx;FUGI_R_D7159524_matrix.mtx;FUGI_R_D7159525_matrix.mtx;Annotation_FUGI_R_D7119553.txt;Annotation_FUGI_R_D7159524.txt;Annotation_FUGI_R_D7159525.txt	10xV2	yes
E-MTAB-9334	2020-10-29	NA	Mus musculus	endothelial_counts_normalized.txt;hepatic_counts_normalized.txt;mesenchymal_counts_normalized.txt	10xV2	no
E-MTAB-9317	2020-10-14	NA	Mus musculus	NA	10xV3	no
E-MTAB-9578	2020-10-09	NA	Mus musculus	normalizedCount_filtered_cells.txt;Sample1_PTEN_rawCount.txt;Sample2_PTEN_rawCount.txt;rawCount_filtered_cells.txt	10xV3	no
E-MTAB-9510	2020-10-04	NA	Homo sapiens	barcodes.tsv;genes.tsv	10xV2	no
E-MTAB-9139	2020-09-30	NA	Homo sapiens	NA	10xV3	no
E-MTAB-8737	2020-09-14	NA	Mus musculus	NA	10xV3	no
E-MTAB-9492	2020-09-07	NA	Homo sapiens	PSA1505_PBMC_CD4_CD8_barcodes.tsv;PSA1505_PB_consensus_annotations.json;PSA1607_PBMC_CD4_CD8_barcodes.tsv;PSA1607_PB_consensus_annotations.json;PSA1801_PBMC_CD4_CD8_barcodes.tsv;PSA1801_PB_consensus_annotations.json;PSA1505_SFMC_CD4_CD8_barcodes.tsv;PSA1505_SF_consensus_annotations.json;PSA1607_SFMC_CD4_CD8_barcodes.tsv;PSA1607_SF_consensus_annotations.json;PSA1801_SFMC_CD4_CD8_barcodes.tsv;PSA1801_SF_consensus_annotations.json;4040_barcodes.tsv.gz;4040_ST_consensus_annotations.json;BX245_barcodes.tsv.gz;BX245_ST_consensus_annotations.json;PSA1505_PBMC_CD4_CD8_genes.tsv;PSA1607_PBMC_CD4_CD8_genes.tsv;PSA1801_PBMC_CD4_CD8_genes.tsv;PSA1505_SFMC_CD4_CD8_genes.tsv;PSA1607_SFMC_CD4_CD8_genes.tsv;PSA1801_SFMC_CD4_CD8_genes.tsv;4040_features.tsv.gz;BX245_features.tsv.gz;PSA1505_PBMC_CD4_CD8_matrix.mtx;PSA1607_PBMC_CD4_CD8_matrix.mtx;PSA1801_PBMC_CD4_CD8_matrix.mtx;PSA1505_SFMC_CD4_CD8_matrix.mtx;PSA1607_SFMC_CD4_CD8_matrix.mtx;PSA1801_SFMC_CD4_CD8_matrix.mtx;4040_matrix.mtx.gz;BX245_matrix.mtx.gz	10xV2	yes
E-MTAB-8906	2020-09-01	NA	Mus musculus	NA	10xV2	no
E-MTAB-8530	2020-09-01	31960581	Homo sapiens	NA	10xV3	no
E-MTAB-9473	2020-08-31	NA	Homo sapiens	cell_metadata.tsv.gz;genes.tsv.gz;raw_counts.mtx.gz	10xV2	yes
E-MTAB-8812	2020-08-31	NA	Mus musculus	NA	10xV2	no
E-MTAB-8811	2020-08-31	NA	Mus musculus	NA	10xV2	no
E-MTAB-9240	2020-08-27	NA	Aedes aegypti | Anopheles gambiae	NA	10xV2	no
E-MTAB-8511	2020-08-26	NA	Homo sapiens	H9_RPE_AGED_RawCountMatrix.tsv;H9_RPE_YOUNG_RawCountMatrix.txt	10xV2	no
E-MTAB-9221	2020-08-21	32810439	Homo sapiens	NA	10xV3	no
E-MTAB-8809	2020-08-18	NA	Homo sapiens	Acar_2020_single_cell_data_processed_data.txt;Acar_2020_single_cell_data_raw_data.txt;Acar_2020_single_cell_metadata.txt	10xV2	yes
E-MTAB-8263	2020-08-18	NA	Mus musculus	cell_annotation.txt;matrix.mtx;barcodes.tsv;genes.tsv;aggregation_sample_order.csv	10xV3	yes
E-MTAB-8732	2020-08-14	NA	Mus musculus	KO_barcodes.tsv.gz;WT1_barcodes.tsv.gz;WT2_barcodes.tsv.gz;KO_features.tsv.gz;WT1_features.tsv.gz;WT2_features.tsv.gz;KO_matrix.mtx.gz;WT1_matrix.mtx.gz;WT2_matrix.mtx.gz	10xV3	no
E-MTAB-8979	2020-08-13	NA	Macaca fascicularis	macaque_cellranger_matrix.mtx;macaque_cells_metadata.txt;macaque_genes_metadata.txt	10xV3	yes
E-MTAB-8884	2020-08-03	NA	Homo sapiens	NA	10xV2	no
E-MTAB-8205	2020-07-31	NA	Homo sapiens	NA	10xV2	no
E-MTAB-8107	2020-07-21	NA	Homo sapiens	BT1303.counts.csv;BT1304.counts.csv;BT1305.counts.csv;BT1306.counts.csv;BT1307.counts.csv;sc5rJUQ026.counts.csv;sc5rJUQ033.counts.csv;sc5rJUQ039.counts.csv;sc5rJUQ042.counts.csv;sc5rJUQ043.counts.csv;sc5rJUQ045.counts.csv;sc5rJUQ046.counts.csv;sc5rJUQ050.counts.csv;sc5rJUQ051.counts.csv;sc5rJUQ053.counts.csv;sc5rJUQ058.counts.csv;sc5rJUQ060.counts.csv;sc5rJUQ064.counts.csv;scrEXT001.counts.csv;scrEXT002.counts.csv;scrEXT003.counts.csv;scrEXT009.counts.csv;scrEXT010.counts.csv;scrEXT011.counts.csv;scrEXT012.counts.csv;scrEXT013.counts.csv;scrEXT014.counts.csv;scrEXT018.counts.csv;scrEXT019.counts.csv;scrEXT020.counts.csv;scrEXT021.counts.csv;scrEXT022.counts.csv;scrEXT023.counts.csv;scrEXT024.counts.csv;scrEXT025.counts.csv;scrEXT026.counts.csv;scrEXT027.counts.csv;scrEXT028.counts.csv;scrEXT029.counts.csv;scrJUQ059.counts.csv;scrJUQ068.counts.csv;scrJUQ070.counts.csv;scrJUQ072.counts.csv;scrSOL001.counts.csv;scrSOL003.counts.csv;scrSOL004.counts.csv;scrSOL006.counts.csv;scrSOL007.counts.csv	10xV2	no
E-MTAB-9366	2020-07-16	NA	Mus musculus	NA	10xV3	no
E-MTAB-9199	2020-07-13	NA	Homo sapiens	output_filtered_hw1.h5;output_filtered_hw2.h5;output_filtered_hw3.h5	10xV3	no
E-MTAB-8564	2020-07-13	NA	Homo sapiens	H-BAT_F_1_barcodes.tsv;H-BAT_F_5_barcodes.tsv;H-BAT_F_6_barcodes.tsv;H-BAT_F_7_barcodes.tsv;H-BAT_F_8_barcodes.tsv;H-BAT_nF_1_barcodes.tsv;H-BAT_nF_2_barcodes.tsv;H-BAT_nF_3_barcodes.tsv;H-BAT_nF_4_barcodes.tsv;H-BAT_F_1_features.tsv;H-BAT_F_5_features.tsv;H-BAT_F_6_features.tsv;H-BAT_F_7_features.tsv;H-BAT_F_8_features.tsv;H-BAT_nF_1_features.tsv;H-BAT_nF_2_features.tsv;H-BAT_nF_3_features.tsv;H-BAT_nF_4_features.tsv;H-BAT_F_1_matrix.mtx;H-BAT_F_5_matrix.mtx;H-BAT_F_6_matrix.mtx;H-BAT_F_7_matrix.mtx;H-BAT_F_8_matrix.mtx;H-BAT_nF_1_matrix.mtx;H-BAT_nF_2_matrix.mtx;H-BAT_nF_3_matrix.mtx;H-BAT_nF_4_matrix.mtx	10xV3	no
E-MTAB-8562	2020-07-13	NA	Mus musculus	CE-barcodes.tsv;RT-barcodes.tsv;TN-barcodes.tsv;CE-features.tsv;RT-features.tsv;TN-features.tsv;CE-matrix.mtx;RT-matrix.mtx;TN-matrix.mtx	10xV3	no
E-MTAB-9295	2020-07-06	NA	Homo sapiens	D10_D13_CITEseq_matrix.txt.gz;D13_sus_matrix.txt.gz;D10_D13_CITEseq_metadata.txt.gz;D13_sus_metadata.txt.gz	10xV3	yes
E-MTAB-9265	2020-06-29	32849601	Canis lupus familiaris	Sample1_barcodes.tsv;Sample2_barcodes.tsv;Sample3_barcodes.tsv;Sample4_barcodes.tsv;Sample1_genes.tsv;Sample2_genes.tsv;Sample3_genes.tsv;Sample4_genes.tsv;Sample1_matrix.mtx;Sample2_matrix.mtx;Sample3_matrix.mtx;Sample4_matrix.mtx	10xV2	no
E-MTAB-8337	2020-06-09	31607568	Homo sapiens	NA	10xV2	no
E-MTAB-9125	2020-06-06	NA	Mus musculus	NA	10xV2	no
E-MTAB-8706	2020-06-04	NA	Mus musculus	NA	10xV2	no
E-MTAB-9154	2020-05-29	NA	Homo sapiens	HE_ROT.tsv;HE_TUN.tsv;HE_UNT.tsv;WT_ROT.tsv;WT_TUN.tsv;WT_UNT.tsv	10xV2	no
E-MTAB-9061	2020-05-23	NA	Mus musculus	NA	10xV2	no
E-MTAB-9024	2020-05-19	NA	Homo sapiens	BGIvsIllumina_iPSC_BGI_CountMatrix.txt.gz;BGIvsIllumina_iPSC_Illumina_CountMatrix.txt.gz;BGIvsIllumina_PBMC1_BGI_CountMatrix.txt.gz;BGIvsIllumina_PBMC1_Illumina_CountMatrix.txt.gz;BGIvsIllumina_PBMC2_BGI_CountMatrix.txt.gz;BGIvsIllumina_PBMC2_Illumina_CountMatrix.txt.gz;BGIvsIllumina_TMWC_BGI_CountMatrix.txt.gz;BGIvsIllumina_TMWC_Illumina_CountMatrix.txt.gz	10xV2	no
E-MTAB-8904	2020-05-12	NA	Mus musculus	NA	10xV2	no
E-MTAB-8454	2020-05-12	NA	Mus musculus	NA	10xV2	no
E-MTAB-8445	2020-05-12	NA	Mus musculus	NA	10xV2	no
E-MTAB-8271	2020-05-02	NA	Homo sapiens	NA	10xV2	no
E-MTAB-9005	2020-05-01	NA	Homo sapiens	BCP002_Total_3GEX_filtered_feature_bc_matrix.tar.gz;BCP003_MBC_5GEX_filtered_feature_bc_matrix.tar.gz;BCP004_MBC_5GEX_filtered_feature_bc_matrix.tar.gz;BCP005_IgMnegMBC_5GEX_filtered_feature_bc_matrix.tar.gz;BCP006_IgMnegMBC_5GEX_filtered_feature_bc_matrix.tar.gz;BCP008_IgMneg_MBC_5GEX_filtered_feature_bc_matrix.tar.gz;BCP009_IgMneg_MBC_5GEX_filtered_feature_bc_matrix.tar.gz;BCP003_Total_5GEX_filtered_feature_bc_matrix.tar.gz;BCP004_Total_5GEX_filtered_feature_bc_matrix.tar.gz;BCP005_Total_5GEX_filtered_feature_bc_matrix.tar.gz;BCP006_Total_5GEX_filtered_feature_bc_matrix.tar.gz;BCP008_Total_5GEX_filtered_feature_bc_matrix.tar.gz;BCP009_Total_5GEX_filtered_feature_bc_matrix.tar.gz;SeuratGeneExpressionObjects.tar.gz;CellType_GeneExpression_Markers.tar.gz;CellTypeMetaData.txt	10xV2	yes
E-MTAB-9003	2020-05-01	NA	Homo sapiens	BCP003_MBC_scVDJ_filtered_contigs.tar.gz;BCP004_MBC_scVDJ_filtered_contigs.tar.gz;BCP005_IgMnegMBC_scVDJ_filtered_contigs.tar.gz;BCP006_IgMnegMBC_scVDJ_filtered_contigs.tar.gz;BCP008_IgMneg_MBC_scVDJ_filtered_contigs.tar.gz;BCP009_IgMneg_MBC_scVDJ_filtered_contigs.tar.gz;BCP003_Total_scVDJ_filtered_contigs.tar.gz;BCP004_Total_scVDJ_filtered_contigs.tar.gz;BCP005_Total_scVDJ_filtered_contigs.tar.gz;BCP006_Total_scVDJ_filtered_contigs.tar.gz;BCP008_Total_scVDJ_filtered_contigs.tar.gz;BCP009_Total_scVDJ_filtered_contigs.tar.gz;scVDJ_METADATA_TABLE.txt	10xV1	yes
E-MTAB-8322	2020-04-18	NA	Homo sapiens	HC0547.matrix.mtx;HC0572.matrix.mtx;HC0701.matrix.mtx;HC0732.matrix.mtx;NaiveSA146.matrix.mtx;NaiveSA172.matrix.mtx;NaiveSA131.matrix.mtx;NaiveSA138.matrix.mtx;SA139.matrix.mtx;SA220.matrix.mtx;RemSA160.matrix.mtx;RemSA161.matrix.mtx;RemSA174.matrix.mtx;RemSA132.matrix.mtx;SA159.matrix.mtx;SA168.matrix.mtx;SA225.matrix.mtx;ResistantSA144.matrix.mtx;ResistantSA145.matrix.mtx;ResistantSA151.matrix.mtx;ResistantSA166.matrix.mtx;SA222.matrix.mtx;SA227.matrix.mtx;UPASA149.matrix.mtx;SA149P.matrix.mtx;SA154.matrix.mtx;UPASA153.matrix.mtx;HC0547.genes.tsv;HC0572.genes.tsv;HC0701.genes.tsv;HC0732.genes.tsv;NaiveSA146.genes.tsv;NaiveSA172.genes.tsv;NaiveSA131.genes.tsv;NaiveSA138.genes.tsv;SA139.genes.tsv;SA220.genes.tsv;RemSA160.genes.tsv;RemSA161.genes.tsv;RemSA174.genes.tsv;RemSA132.genes.tsv;SA159.genes.tsv;SA168.genes.tsv;SA225.genes.tsv;ResistantSA144.genes.tsv;ResistantSA145.genes.tsv;ResistantSA151.genes.tsv;ResistantSA166.genes.tsv;SA222.genes.tsv;SA227.genes.tsv;UPASA149.genes.tsv;SA149P.genes.tsv;SA154.genes.tsv;UPASA153.genes.tsv;HC0547.barcodes.tsv;HC0572.barcodes.tsv;HC0701.barcodes.tsv;HC0732.barcodes.tsv;NaiveSA146.barcodes.tsv;NaiveSA172.barcodes.tsv;NaiveSA131.barcodes.tsv;NaiveSA138.barcodes.tsv;SA139.barcodes.tsv;SA220.barcodes.tsv;RemSA160.barcodes.tsv;RemSA161.barcodes.tsv;RemSA174.barcodes.tsv;RemSA132.barcodes.tsv;SA159.barcodes.tsv;SA168.barcodes.tsv;SA225.barcodes.tsv;ResistantSA144.barcodes.tsv;ResistantSA145.barcodes.tsv;ResistantSA151.barcodes.tsv;ResistantSA166.barcodes.tsv;SA222.barcodes.tsv;SA227.barcodes.tsv;UPASA149.barcodes.tsv;SA149P.barcodes.tsv;SA154.barcodes.tsv;UPASA153.barcodes.tsv;Merged.matrix.csv	10xV2	no
E-MTAB-8221	2020-04-17	NA	Homo sapiens	Table_fetal_all_cell_pass_filtering_meta_data.txt;Table_d0_cell_pass_filtering_meta_data.txt;Table_d3_cell_pass_filtering_meta_data.txt;Table_d21_cell_pass_filtering_meta_data.txt;Table_fetal_all_cell_pass_filtering_count.txt.gz;Table_d0_all_cell_pass_filtering_count.txt.gz;Table_d3_all_cell_pass_filtering_count.txt.gz;Table_d21_all_cell_pass_filtering_count.txt.gz	10xV3	yes
E-MTAB-8911	2020-04-12	NA	Homo sapiens	2013_barcodes.tsv.gz;2017_barcodes.tsv.gz;2013_genes.tsv.gz;2017_genes.tsv.gz;2013_matrix.mtx.gz;2017_matrix.mtx.gz	10xV2	no
E-MTAB-8410	2020-04-05	32451460	Homo sapiens	NA	10xV2	no
E-MTAB-8119	2020-03-31	NA	Homo sapiens | Mus musculus	NA	10xV2	no
E-MTAB-8848	2020-03-16	NA	Mus musculus	NA	10xV3	no
E-MTAB-8846	2020-03-16	NA	Homo sapiens	NA	10xV2	no
E-MTAB-8698	2020-03-12	32162708	Drosophila melanogaster	filtered_feature_bc_matrix_RRCZ22.tgz;filtered_feature_bc_matrix_RRCZ23.tgz;raw_feature_bc_matrix_RRCZ22.tgz;raw_feature_bc_matrix_RRCZ23.tgz;RRCZ22_possorted.bam.bai;RRCZ23_possorted.bam.bai;RRCZ22_possorted.bam;RRCZ23_possorted.bam;md5_NI.txt;md5_WI.txt;NI_cell_cluster_ID.txt;WI_cell_cluster_ID.txt	10xV2	no
E-MTAB-7458	2020-03-07	NA	Mus musculus	NA	10xV2	no
E-MTAB-7895	2020-03-04	NA	Mus musculus	NA	10xV2	no
E-MTAB-7742	2020-02-29	NA	Homo sapiens	CD140b_CD184_possorted_genome_bam.bam;CD140b_GD2_possorted_genome_bam.bam;hESC_possorted_genome_bam.bam;Replated_1_20_possorted_genome_bam.bam	10xV2	no
E-MTAB-8832	2020-02-23	32302573	Mus musculus	CD40_metadata.txt;CSF1R_metadata.txt	10xV2	yes
E-MTAB-8751	2020-02-22	NA	Mus musculus	NA	10xV3	no
E-MTAB-8581	2020-02-21	32079746	Homo sapiens | Mus musculus	NA	10xV2	no
E-MTAB-8077	2020-02-13	32059779	Mus musculus	raw_count_matrix_brain.txt;raw_count_matrix_colon.txt;raw_count_matrix_heart.txt;raw_count_matrix_kidney.txt;raw_count_matrix_liver.txt;raw_count_matrix_lung.txt;raw_count_matrix_muscle_EDL.txt;raw_count_matrix_muscle_soleus.txt;raw_count_matrix_small_intestine.txt;raw_count_matrix_spleen.txt;raw_count_matrix_testis.txt	10xV2	no
E-MTAB-8002	2020-01-31	NA	Mus musculus	NA	10xV2	no
E-MTAB-8381	2020-01-30	NA	Homo sapiens	10X_18_PD_03_R26_063_genome_bam.bam;10X_18_PD_03_R26_062_genome_bam.bam;10X_18_PD_03_R30_02_genome_bam.bam;10X_18_PD_03_R30_03_genome_bam.bam	10xV2	no
E-MTAB-8060	2020-01-29	NA	Homo sapiens	NA	10xV2	no
E-MTAB-8559	2020-01-23	NA	Homo sapiens	NA	10xV3	no
E-MTAB-8593	2020-01-06	NA	Mus musculus	ID8_1.tar.gz;ID8_3.tar.gz;ID8_5.tar.gz;ID8_7.tar.gz	10xV2	no
E-MTAB-8476	2020-01-01	NA	Homo sapiens	NA	10xV2	no
E-MTAB-8474	2020-01-01	NA	Homo sapiens	NA	10xV2	no
E-MTAB-8007	2020-01-01	NA	Homo sapiens	NA	10xV2	no
E-MTAB-7552	2019-12-30	NA	Homo sapiens | Macaca nemestrina | Pan troglodytes | mixed sample	metadata_chimp_cells.tsv;metadata_human_cells.tsv;metadata_macaque_cells.tsv;chimp_cell_counts_consensus.mtx;human_cell_counts_consensus.mtx;macaque_cell_counts_consensus.mtx;genes_consensus.txt;genes_GRCh38.txt;human_cell_counts_GRCh38.mtx	10xV2	yes
E-MTAB-6308	2019-12-30	NA	Homo sapiens	NA	10xV2	no
E-MTAB-8145	2019-12-12	NA	Mus musculus	NA	10xV2	no
E-MTAB-7869	2019-11-14	NA	Mus musculus	O1.csv;O2.csv;O3.csv;Y1.csv;Y2.csv;Y3.csv	10xV2	no
E-MTAB-8483	2019-10-31	NA	Mus musculus	barcodes.tsv;genes.tsv;matrix.mtx	10xV2	no
E-MTAB-8105	2019-10-17	NA	Mus musculus	S8_h5.h5;S9_h5.h5;S6_h5.h5;S7_h5.h5;S4_h5.h5;S5_h5.h5;S1_h5.h5;S2_h5.h5;S3_h5.h5;S2_1_h5.h5;S2_2_h5.h5;S2_3_h5.h5;S2_4_h5.h5;S2_5_h5.h5;WTCHG_420827_73.h5;WTCHG_420827_68.h5;WTCHG_420827_70.h5;WTCHG_420827_71.h5;WTCHG_420827_67.h5;WTCHG_420827_69.h5	10xV1i	no
E-MTAB-7407	2019-10-11	31597962	Homo sapiens	4834STDY7002875.tar.gz;4834STDY7002876.tar.gz;4834STDY7002877.tar.gz;4834STDY7002878.tar.gz;4834STDY7002879.tar.gz;4834STDY7002880.tar.gz;4834STDY7002881.tar.gz;4834STDY7002882.tar.gz;4834STDY7002883.tar.gz;4834STDY7002885.tar.gz;4834STDY7002886.tar.gz;4834STDY7038750.tar.gz;4834STDY7038751.tar.gz;4834STDY7038752.tar.gz;4834STDY7038753.tar.gz;FCAImmP7179363.tar.gz;FCAImmP7179364.tar.gz;FCAImmP7198434.tar.gz;FCAImmP7198628.tar.gz;FCAImmP7198629.tar.gz;FCAImmP7198630.tar.gz;FCAImmP7198631.tar.gz;FCAImmP7241240.tar.gz;FCAImmP7241241.tar.gz;FCAImmP7277552.tar.gz;FCAImmP7277553.tar.gz;FCAImmP7277560.tar.gz;FCAImmP7277561.tar.gz;FCAImmP7292028.tar.gz;FCAImmP7292032.tar.gz;FCAImmP7316886.tar.gz;FCAImmP7316887.tar.gz;FCAImmP7316888.tar.gz;FCAImmP7316889.tar.gz;FCAImmP7316890.tar.gz;FCAImmP7316891.tar.gz;FCAImmP7316892.tar.gz;FCAImmP7316893.tar.gz;FCAImmP7316894.tar.gz;FCAImmP7316895.tar.gz;FCAImmP7316896.tar.gz;FCAImmP7316897.tar.gz;FCAImmP7316901.tar.gz;FCAImmP7352189.tar.gz;FCAImmP7352190.tar.gz;FCAImmP7352191.tar.gz;FCAImmP7352192.tar.gz;FCAImmP7352193.tar.gz;FCAImmP7352194.tar.gz;FCAImmP7352195.tar.gz;FCAImmP7352196.tar.gz;FCAImmP7462237.tar.gz;FCAImmP7462238.tar.gz;FCAImmP7462239.tar.gz;FCAImmP7462240.tar.gz;FCAImmP7462241.tar.gz;FCAImmP7462242.tar.gz;FCAImmP7462243.tar.gz;FCAImmP7528286.tar.gz;FCAImmP7528287.tar.gz;FCAImmP7528288.tar.gz;FCAImmP7528289.tar.gz;FCAImmP7528295.tar.gz;FCAImmP7555846.tar.gz;FCAImmP7555847.tar.gz;FCAImmP7555856.tar.gz;FCAImmP7555857.tar.gz;FCAImmP7579226.tar.gz;FCAImmP7579227.tar.gz	10xV2	no
E-MTAB-8230	2019-10-04	NA	mixed sample	genes.tsv;metadata_nuclei.tsv;consensus_hg38-panTro5-rheMac8.fa.gz;nuclei_count_matrix.mtx.gz	10xV2	yes
E-MTAB-8212	2019-09-06	NA	Homo sapiens	meta.data.tab.gz;count.data.tab.gz	10xV2	yes
E-MTAB-7316	2019-08-21	31436334	Homo sapiens	ae_exp_raw_r1.tsv;ae_exp_raw_r2a.tsv;ae_exp_raw_r2b.tsv;ae_exp_raw_r3a.tsv;ae_exp_raw_r3b.tsv;ae_exp_raw_all.tsv;ae_exp_proc_r1.tsv;ae_exp_proc_r2a.tsv;ae_exp_proc_r2b.tsv;ae_exp_proc_r3a.tsv;ae_exp_proc_r3b.tsv;ae_exp_proc_all.tsv	10xV2	no
E-MTAB-8207	2019-08-12	NA	Homo sapiens	PSA1505_PBMC_barcodes.tsv;PSA1607_PBMC_barcodes.tsv;PSA1607_SFMC_barcodes.tsv;PSA1801_PBMC_barcodes.tsv;PSA1801_SFMC_barcodes.tsv;PSA1505_SFMC_barcodes.tsv;PSA1505_PBMC_genes.tsv;PSA1607_PBMC_genes.tsv;PSA1607_SFMC_genes.tsv;PSA1801_PBMC_genes.tsv;PSA1801_SFMC_genes.tsv;PSA1505_SFMC_genes.tsv;PSA1505_PBMC.mtx;PSA1607_PBMC.mtx;PSA1801_PBMC.mtx;PsA1801_SFMC.mtx	10xV2	no
E-MTAB-8192	2019-08-11	NA	Mus musculus	NA	10xV2	no
E-MTAB-7678	2019-07-31	NA	Mus musculus	F247_barcodes.tsv;NGS_18barcodes.tsv;ly6cplusbarcodes.tsv;barcodes.tsv;F247_matrix.mtx;NGS18_matrix.mtx;ly6cplusmatrix.mtx;matrix.mtx	10xV2	no
E-MTAB-6902	2019-07-25	NA	Mus musculus	barcodes_PBS.tsv;barcodes_LPSlow.tsv;barcodes_LPShigh.tsv;matrix_PBS.mtx;matrix_LPSlow.mtx;matrix_LPShigh.mtx	10xV2	no
E-MTAB-7704	2019-07-01	31431722	Mus musculus	rawcounts_cellranger_wt01.txt;rawcounts_cellranger_wt02.txt;rawcounts_cellranger_sapko.txt;rawcounts_ikura_wt01.txt;rawcounts_ikura_wt02.txt;rawcounts_ikura_sap.txt;processed_ikura_tobiko_wt01.txt;processed_ikura_tobiko_wt02.txt;processed_ikura_tobiko_sapko.txt	10xV2	no
E-MTAB-8034	2019-06-20	NA	Homo sapiens	NA	10xV2	no
E-MTAB-7149	2019-05-27	NA	Mus musculus	sample1_normExp.tsv;sample2_normExp.tsv;sample3_normExp.tsv	10xV2	no
E-MTAB-6677	2019-05-24	29925944	Mus musculus	mASC1-singlecells-10x-cellRanger.tar.gz;mASC1-singlecells-10x-normFiltered.txt;mASC1-singlecells-10x-normFiltered.GOI.txt	10xV2	no
E-MTAB-7311	2019-05-20	NA	Mus musculus	NA	10xV2	no
E-MTAB-6487	2019-05-16	NA	Mus musculus	NA	10xV2	no
E-MTAB-7660	2019-05-15	NA	Mus musculus	guiu2019_10xProcessed.tar.gz	10xV2	no
E-MTAB-7919	2019-05-12	NA	Mus musculus	genes.tsv;barcodes.tsv;matrix.mtx	10xV2	no
E-MTAB-7918	2019-05-11	NA	Mus musculus	filtered_contig_annotations_35.csv;filtered_contig_annotations_36.csv;filtered_contig_annotations_37.csv;filtered_contig_annotations_38.csv	10xV2	yes
E-MTAB-6524	2019-05-08	30267684	Homo sapiens	IPSCMedia_scRNA_Sample1_V1_Count.txt;IPSCMedia_scRNA_Sample2_V1_Count.txt	10xV2	no
E-MTAB-7716	2019-04-23	NA	Xenopus laevis	arrayExpressUpload.zip	10xV2	no
E-MTAB-7780	2019-03-29	NA	Mus musculus	NA	10xV2	no
E-MTAB-7376	2019-03-28	NA	Mus musculus	GFP_ShamVsMI_days3_7.txt;TIP_ShamVsMI_days3_7.txt;GFP_tSNE_cluster_ID_table.txt;TIP_tSNE_cluster_ID_table.txt	10xV2	no
E-MTAB-7703	2019-03-27	30988302	Mus musculus	NA	10xV2	no
E-MTAB-7094	2019-03-27	30988302	Mus musculus	NA	10xV2	no
E-MTAB-6946	2019-01-25	30890697	Mus musculus	raw_counts.mtx;raw_counts_emptyDrops.mtx;cell_metadata_emptyDrops.txt;cell_metadata.txt;genes.tsv;genes_emptyDrops.tsv	10xV2	yes
E-MTAB-7325	2018-12-05	NA	Mus musculus	chimera_tal1_data.tar.gz	10xV2	no
E-MTAB-7324	2018-12-05	NA	Mus musculus	chimera_wt_data.tar	10xV2	no
E-MTAB-6967	2018-12-05	NA	Mus musculus	atlas_data.tar.gz	10xV1a	no
E-MTAB-7320	2018-11-29	30846445	Mus musculus	UMI_count.tsv	10xV2	no
E-MTAB-7159	2018-11-16	30446505	Danio rerio	NA	10xV2	no
E-MTAB-7417	2018-11-11	NA	Mus musculus	NA	10xV2	no
E-MTAB-6701	2018-10-02	30429548	Homo sapiens	raw_data_10x.txt;meta_10x.txt	10xV2	yes
E-MTAB-6653	2018-08-18	29988129	Homo sapiens	NA	10xV2	no
E-MTAB-6687	2018-08-17	NA	Homo sapiens	hIPSC_scRNA_Sample1.tsv;hIPSC_scRNA_Sample2.tsv;hIPSC_scRNA_Sample3.tsv;hIPSC_scRNA_Sample4.tsv;hIPSC_scRNA_Sample5.tsv;raw_expMat_cellbarcodes.tsv	10xV1a	no
E-MTAB-6976	2018-07-30	30173915	Mus musculus	NA	10xV2	no
E-MTAB-6754	2018-07-16	NA	Mus musculus | Oryctolagus cuniculus | Rattus norvegicus | Sus scrofa	mouse1_lps2_filtered_by_cell_cluster0.txt.gz;mouse1_lps4_filtered_by_cell_cluster0.txt.gz;mouse1_lps6_filtered_by_cell_cluster0.txt.gz;mouse1_pic2_filtered_by_cell_cluster0.txt.gz;mouse1_pic4_filtered_by_cell_cluster0.txt.gz;mouse1_unst_filtered_by_cell_cluster0.txt.gz;mouse2_lps2_filtered_by_cell_cluster0.txt.gz;mouse2_lps4_filtered_by_cell_cluster0.txt.gz;mouse2_lps6_filtered_by_cell_cluster0.txt.gz;mouse2_pic2_filtered_by_cell_cluster0.txt.gz;mouse2_pic4_filtered_by_cell_cluster0.txt.gz;mouse2_pic6_filtered_by_cell_cluster0.txt.gz;mouse2_pic6A_filtered_by_cell_cluster0.txt.gz;mouse2_unst_filtered_by_cell_cluster0.txt.gz;mouse3_lps2_filtered_by_cell_cluster0.txt.gz;mouse3_lps4_filtered_by_cell_cluster0.txt.gz;mouse3_lps6_filtered_by_cell_cluster0.txt.gz;mouse3_pic2_filtered_by_cell_cluster0.txt.gz;mouse3_pic4_filtered_by_cell_cluster0.txt.gz;mouse3_pic6_filtered_by_cell_cluster0.txt.gz;mouse3_unst_filtered_by_cell_cluster0.txt.gz;pig1_lps2_filtered_by_cell_cluster0.txt.gz;pig1_lps4_filtered_by_cell_cluster0.txt.gz;pig1_lps6_filtered_by_cell_cluster0.txt.gz;pig1_unst_filtered_by_cell_cluster0.txt.gz;pig2_lps2_filtered_by_cell_cluster0.txt.gz;pig2_lps4_filtered_by_cell_cluster0.txt.gz;pig2_lps6_filtered_by_cell_cluster0.txt.gz;pig2_unst_filtered_by_cell_cluster0.txt.gz;pig3_lps2_filtered_by_cell_cluster0.txt.gz;pig3_lps4_filtered_by_cell_cluster0.txt.gz;pig3_lps6_filtered_by_cell_cluster0.txt.gz;pig3_unst_filtered_by_cell_cluster0.txt.gz;rabbit1_lps2_filtered_by_cell_cluster0.txt.gz;rabbit1_lps4_filtered_by_cell_cluster0.txt.gz;rabbit1_lps6_filtered_by_cell_cluster0.txt.gz;rabbit1_unst_filtered_by_cell_cluster0.txt.gz;rabbit2_lps2_filtered_by_cell_cluster0.txt.gz;rabbit2_lps4_filtered_by_cell_cluster0.txt.gz;rabbit2_lps6_filtered_by_cell_cluster0.txt.gz;rabbit2_unst_filtered_by_cell_cluster0.txt.gz;rabbit3_lps2_filtered_by_cell_cluster0.txt.gz;rabbit3_lps4_filtered_by_cell_cluster0.txt.gz;rabbit3_lps6_filtered_by_cell_cluster0.txt.gz;rabbit3_unst_filtered_by_cell_cluster0.txt.gz;rat1_lps2_filtered_by_cell_cluster0.txt.gz;rat1_lps4_filtered_by_cell_cluster0.txt.gz;rat1_lps6_filtered_by_cell_cluster0.txt.gz;rat1_pic2_filtered_by_cell_cluster0.txt.gz;rat1_pic4_filtered_by_cell_cluster0.txt.gz;rat1_pic6_filtered_by_cell_cluster0.txt.gz;rat1_unst_filtered_by_cell_cluster0.txt.gz;rat2_lps2_filtered_by_cell_cluster0.txt.gz;rat2_lps4_filtered_by_cell_cluster0.txt.gz;rat2_lps6_filtered_by_cell_cluster0.txt.gz;rat2_pic2_filtered_by_cell_cluster0.txt.gz;rat2_pic4_filtered_by_cell_cluster0.txt.gz;rat2_pic6_filtered_by_cell_cluster0.txt.gz;rat2_unst_filtered_by_cell_cluster0.txt.gz;rat3_lps2_filtered_by_cell_cluster0.txt.gz;rat3_lps4_filtered_by_cell_cluster0.txt.gz;rat3_lps6_filtered_by_cell_cluster0.txt.gz;rat3_pic2_filtered_by_cell_cluster0.txt.gz;rat3_pic4_filtered_by_cell_cluster0.txt.gz;rat3_pic6_filtered_by_cell_cluster0.txt.gz;rat3_unst_filtered_by_cell_cluster0.txt.gz;count_matrices_cell_ranger.tar.gz	10xV2	no
E-MTAB-6429	2018-07-09	29964033	Mus musculus	KerE7_scRNA_Sample1_WT1.txt;KerE7_scRNA_Sample2_TG1.txt;KerE7_scRNA_Sample3_WT2.txt;KerE7_scRNA_Sample4_TG2.txt	10xV1a	no
E-MTAB-6149	2018-07-09	29988129	Homo sapiens	Allsamples.Cellview.Rds;B_cell.Cellview.Rds;Fibro.Cellview.Rds;Alveolar.Cellview.Rds;EC.Cellview.Rds;Myeloid.Cellview.Rds;T_cell.Cellview.Rds	10x_v1	no
E-MTAB-6831	2018-07-06	NA	Homo sapiens	genes.tsv;matrix.mtx	10xV1i	no
E-MTAB-6854	2018-06-25	NA	Mus musculus	Counts_HiSeq_2500.txt;Counts_HiSeq_4000.txt	10xV2	no
E-MTAB-6505	2018-05-24	NA	Homo sapiens	NA	10xV2	no
E-MTAB-6153	2017-12-01	29311656	Mus musculus	rawCounts.tsv;normalisedCounts.tsv;cellAnnotation.tsv	10xV1i	yes
E-MTAB-6173	2017-11-21	29346760	Mus musculus	full_count_matrix.txt	10xV2	no
E-MTAB-6108	2017-10-07	29437159	Homo sapiens	iPSC_RGCscRNASeq_Sample2.tsv;iPSC_RGCscRNASeq_Sample1.tsv	10xV2	no
