id	usable	usable2	software_author
GSE100033	no	no	author
GSE100037	no	no	author
GSE100058	no	no	author
GSE100106	no	no	none
GSE100118	no	no	none
GSE100274	no	no	author
GSE100320	no	no	none
GSE100337	no	no	author
GSE100344	no	no	none
GSE100384	no	no	none
GSE100389	no	no	none
GSE100412	no	no	none
GSE100426	no	no	author
GSE100449	no	no	none
GSE100471	no	no	author
GSE100474	no	no	none
GSE100501	no	no	none
GSE100584	no	no	author
GSE100586	no	no	author
GSE100597	no	no	author
GSE100607	no	no	author
GSE100618	no	no	author
GSE100669	yes	meta	none
GSE100694	no	no	author
GSE100706	no	no	none
GSE100725	no	no	none
GSE100771	no	no	author
GSE100861	no	no	none
GSE100866	no	no	author
GSE100913	no	no	author
GSE101099	no	no	author
GSE101181	no	no	none
GSE101207	no	no	author
GSE101334	no	no	author
GSE101340	no	no	none
GSE101341	no	no	none
GSE101487	no	no	none
GSE101518	no	no	author
GSE101519	no	no	author
GSE101558	no	no	none
GSE101601	no	no	author
GSE101712	no	no	author
GSE101901	no	no	none
GSE101984	no	no	none
GSE102048	no	no	author
GSE102086	no	no	none
GSE102090	no	no	none
GSE102130	no	no	author
GSE102163	no	no	author
GSE102299	no	no	author
GSE102332	no	no	none
GSE102443	no	no	none
GSE102456	no	no	none
GSE102475	no	no	author
GSE102479	no	no	none
GSE102580	yes	meta	author
GSE102591	no	no	none
GSE102596	no	no	none
GSE102665	no	no	none
GSE102698	no	no	author
GSE102748	no	no	author
GSE102827	yes	meta	author
GSE102929	no	no	none
GSE102934	no	no	author
GSE102935	no	no	none
GSE102962	no	no	author
GSE102990	no	no	author
GSE103011	no	no	none
GSE103185	no	no	none
GSE103221	no	no	author
GSE103224	no	no	author
GSE103239	no	no	none
GSE103275	no	no	author
GSE103322	no	no	author
GSE103334	no	no	author
GSE103354	yes	object	author
GSE103461	no	no	none
GSE103518	no	no	author
GSE103544	no	no	author
GSE103568	no	no	author
GSE103574	no	no	author
GSE103577	no	no	none
GSE103591	no	no	author
GSE103618	no	no	none
GSE103633	no	no	author
GSE103647	no	no	none
GSE103692	no	no	author
GSE103723	no	no	author
GSE103753	no	no	none
GSE103771	no	no	author
GSE103772	yes	meta	author
GSE103789	no	no	none
GSE103840	no	no	author
GSE103892	no	no	author
GSE103920	no	no	none
GSE103970	yes	meta	author
GSE103976	no	no	none
GSE104054	yes	meta	author
GSE104154	yes	meta	none
GSE104158	no	no	author
GSE104276	no	no	none
GSE104343	no	no	none
GSE104379	no	no	author
GSE104396	no	no	author
GSE104406	no	no	author
GSE104478	no	no	none
GSE104490	no	no	none
GSE104497	no	no	none
GSE104525	no	no	author
GSE104556	no	no	none
GSE104701	no	no	none
GSE104782	yes	meta	none
GSE104842	no	no	none
GSE104869	no	no	author
GSE104899	no	no	none
GSE104985	no	no	author
GSE104987	no	no	author
GSE105010	yes	object	author
GSE105054	no	no	author
GSE105115	no	no	author
GSE105119	no	no	none
GSE105211	no	no	none
GSE105267	no	no	none
GSE105454	no	no	author
GSE106078	no	no	none
GSE106118	no	no	none
GSE106121	no	no	none
GSE106202	no	no	none
GSE106218	no	no	author
GSE106219	no	no	author
GSE106236	no	no	none
GSE106245	no	no	author
GSE106251	no	no	none
GSE106268	no	no	author
GSE106269	no	no	author
GSE106273	yes	meta	author
GSE106391	no	no	none
GSE106447	no	no	author
GSE106471	no	no	none
GSE106472	no	no	none
GSE106487	no	no	author
GSE106489	no	no	none
GSE106510	no	no	author
GSE106514	no	no	none
GSE106544	no	no	none
GSE106587	no	no	author
GSE106636	no	no	none
GSE106663	no	no	none
GSE106676	no	no	author
GSE106678	no	no	author
GSE106708	no	no	author
GSE106850	no	no	none
GSE106856	no	no	none
GSE106872	no	no	none
GSE106882	no	no	none
GSE106888	no	no	author
GSE106960	no	no	none
GSE106973	no	no	author
GSE107115	no	no	author
GSE107122	no	no	author
GSE107152	no	no	author
GSE107153	no	no	author
GSE107185	no	no	author
GSE107220	no	no	none
GSE107451	yes	meta	author
GSE107493	no	no	author
GSE107517	no	no	author
GSE107527	no	no	none
GSE107552	no	no	author
GSE107585	no	no	author
GSE107618	no	no	author
GSE107632	no	no	none
GSE107644	yes	meta	none
GSE107646	no	no	author
GSE107653	yes	meta	none
GSE107711	no	no	none
GSE107723	no	no	author
GSE107727	no	no	author
GSE107740	no	no	none
GSE107747	no	no	none
GSE107761	no	no	author
GSE107771	no	no	none
GSE107794	no	no	author
GSE107864	no	no	none
GSE107873	no	no	author
GSE107874	no	no	author
GSE107909	no	no	none
GSE107910	no	no	author
GSE107947	no	no	author
GSE108020	no	no	none
GSE108041	no	no	author
GSE108067	no	no	none
GSE108097	no	no	author
GSE108108	no	no	author
GSE108129	no	no	author
GSE108155	no	no	author
GSE108222	no	no	none
GSE108230	no	no	none
GSE108233	no	no	none
GSE108261	no	no	none
GSE108275	no	no	author
GSE108287	no	no	none
GSE108288	no	no	none
GSE108291	no	no	author
GSE108313	no	no	author
GSE108359	no	no	author
GSE108378	no	no	none
GSE108397	no	no	none
GSE108416	no	no	none
GSE108427	no	no	none
GSE108443	no	no	author
GSE108444	no	no	author
GSE108463	no	no	none
GSE108478	no	no	author
GSE108546	no	no	author
GSE108556	no	no	none
GSE108561	no	no	author
GSE108571	no	no	none
GSE108578	no	no	none
GSE108612	no	no	none
GSE108653	no	no	none
GSE108677	no	no	none
GSE108679	no	no	none
GSE108699	yes	meta	author
GSE108709	no	no	none
GSE108761	no	no	author
GSE108775	no	no	author
GSE108788	no	no	author
GSE108811	no	no	none
GSE108849	no	no	author
GSE108891	yes	meta	author
GSE108963	no	no	none
GSE108970	no	no	none
GSE108974	no	no	none
GSE108977	no	no	none
GSE109033	no	no	none
GSE109037	no	no	none
GSE109049	no	no	none
GSE109071	no	no	author
GSE109085	no	no	author
GSE109100	no	no	author
GSE109113	no	no	none
GSE109205	no	no	none
GSE109247	no	no	none
GSE109262	no	no	author
GSE109281	no	no	none
GSE109308	no	no	none
GSE109324	no	no	none
GSE109444	no	no	none
GSE109447	no	no	author
GSE109449	yes	meta	author
GSE109488	no	no	author
GSE109524	no	no	none
GSE109535	no	no	none
GSE109542	yes	meta	author
GSE109555	no	no	none
GSE109556	no	no	none
GSE109564	no	no	author
GSE109706	no	no	none
GSE109707	no	no	author
GSE109718	no	no	none
GSE109742	yes	meta	author
GSE109761	yes	object	none
GSE109774	no	no	none
GSE109796	no	no	none
GSE109816	yes	meta	author
GSE109822	no	no	none
GSE109881	no	no	author
GSE109984	no	no	none
GSE109989	no	no	author
GSE109990	no	no	author
GSE109999	no	no	author
GSE110010	no	no	author
GSE110037	no	no	none
GSE110116	no	no	none
GSE110154	no	no	none
GSE110208	no	no	none
GSE110265	no	no	author
GSE110283	no	no	none
GSE110351	no	no	author
GSE110357	no	no	author
GSE110371	no	no	none
GSE110496	no	no	author
GSE110499	no	no	author
GSE110501	no	no	author
GSE110513	no	no	author
GSE110588	no	no	author
GSE110626	no	no	none
GSE110648	no	no	author
GSE110680	no	no	author
GSE110684	no	no	author
GSE110686	no	no	author
GSE110727	no	no	none
GSE110746	no	no	author
GSE110791	no	no	none
GSE110798	no	no	none
GSE110823	no	no	author
GSE110878	no	no	none
GSE110894	no	no	author
GSE110899	no	no	author
GSE110909	no	no	none
GSE110949	yes	meta	none
GSE110973	no	no	author
GSE111015	no	no	author
GSE111027	no	no	none
GSE111065	no	no	none
GSE111068	yes	meta	author
GSE111107	no	no	author
GSE111113	no	no	none
GSE111229	no	no	none
GSE111301	no	no	author
GSE111360	yes	meta	author
GSE111404	no	no	none
GSE111429	no	no	none
GSE111462	no	no	author
GSE111527	no	no	author
GSE111543	no	no	none
GSE111545	no	no	none
GSE111598	no	no	none
GSE111599	no	no	author
GSE111664	no	no	author
GSE111672	no	no	author
GSE111704	no	no	author
GSE111717	no	no	none
GSE111727	no	no	none
GSE111748	no	no	none
GSE111752	no	no	none
GSE111764	yes	meta	none
GSE111822	no	no	none
GSE111831	no	no	author
GSE111839	no	no	none
GSE111860	yes	meta	none
GSE111893	no	no	none
GSE111898	yes	meta	none
GSE111912	no	no	none
GSE111976	yes	meta	author
GSE112004	no	no	author
GSE112008	no	no	none
GSE112033	no	no	none
GSE112050	no	no	none
GSE112177	no	no	none
GSE112205	no	no	author
GSE112271	no	no	none
GSE112274	no	no	none
GSE112294	no	no	author
GSE112380	no	no	none
GSE112381	no	no	none
GSE112393	no	no	author
GSE112417	no	no	author
GSE112438	no	no	author
GSE112507	no	no	none
GSE112541	no	no	none
GSE112570	no	no	none
GSE112642	no	no	author
GSE112671	no	no	author
GSE112692	no	no	author
GSE112711	no	no	author
GSE112732	no	no	none
GSE112794	no	no	none
GSE112837	no	no	none
GSE112845	no	no	none
GSE112846	no	no	none
GSE112865	no	no	none
GSE112880	no	no	none
GSE112903	yes	meta	author
GSE112982	no	no	author
GSE113014	no	no	none
GSE113036	no	no	author
GSE113043	no	no	none
GSE113046	no	no	author
GSE113049	yes	meta	author
GSE113069	yes	meta	none
GSE113074	yes	meta	author
GSE113089	no	no	none
GSE113111	no	no	none
GSE113164	no	no	none
GSE113168	no	no	none
GSE113197	no	no	none
GSE113208	no	no	author
GSE113221	no	no	author
GSE113262	no	no	author
GSE113280	no	no	author
GSE113293	no	no	none
GSE113307	no	no	none
GSE113320	no	no	none
GSE113336	no	no	none
GSE113403	no	no	none
GSE113418	no	no	author
GSE113466	no	no	none
GSE113502	no	no	author
GSE113530	no	no	author
GSE113536	no	no	none
GSE113560	no	no	author
GSE113561	yes	meta	author
GSE113576	no	no	author
GSE113605	no	no	author
GSE113616	no	no	author
GSE113660	no	no	author
GSE113675	no	no	none
GSE113689	no	no	author
GSE113765	no	no	none
GSE113766	no	no	none
GSE113788	no	no	author
GSE113807	no	no	author
GSE113811	no	no	author
GSE113854	no	no	author
GSE113901	no	no	none
GSE113917	no	no	none
GSE113931	no	no	author
GSE113973	no	no	author
GSE113985	no	no	none
GSE113990	no	no	none
GSE114000	yes	meta	author
GSE114044	no	no	author
GSE114071	no	no	author
GSE114156	no	no	author
GSE114157	no	no	none
GSE114161	no	no	author
GSE114186	no	no	none
GSE114220	no	no	author
GSE114239	no	no	author
GSE114278	no	no	none
GSE114279	no	no	none
GSE114297	no	no	none
GSE114312	no	no	none
GSE114313	no	no	none
GSE114314	no	no	none
GSE114374	no	no	none
GSE114396	no	no	none
GSE114397	yes	meta	author
GSE114412	yes	meta	author
GSE114446	no	no	author
GSE114454	no	no	none
GSE114459	no	no	none
GSE114460	no	no	none
GSE114461	no	no	none
GSE114530	no	no	none
GSE114569	yes	meta	author
GSE114615	no	no	none
GSE114670	no	no	author
GSE114687	yes	meta	author
GSE114704	no	no	none
GSE114713	no	no	none
GSE114727	yes	meta	author
GSE114748	no	no	none
GSE114759	yes	meta	none
GSE114793	no	no	none
GSE114802	no	no	author
GSE114822	no	no	none
GSE114895	yes	object	author
GSE114952	no	no	none
GSE114961	no	no	author
GSE114986	no	no	none
GSE114988	no	no	author
GSE114997	no	no	none
GSE115006	no	no	none
GSE115007	no	no	none
GSE115008	no	no	none
GSE115011	no	no	author
GSE115030	yes	object	author
GSE115032	no	no	author
GSE115033	no	no	author
GSE115070	yes	meta	author
GSE115097	no	no	none
GSE115140	no	no	none
GSE115149	no	no	none
GSE115189	no	no	author
GSE115218	no	no	author
GSE115235	no	no	none
GSE115242	no	no	none
GSE115243	yes	meta	none
GSE115251	no	no	author
GSE115257	no	no	none
GSE115280	no	no	none
GSE115297	no	no	none
GSE115298	no	no	none
GSE115299	no	no	none
GSE115301	yes	meta	author
GSE115331	no	no	none
GSE115346	no	no	author
GSE115350	no	no	author
GSE115389	no	no	author
GSE115397	no	no	none
GSE115404	no	no	author
GSE115405	no	no	author
GSE115424	no	no	none
GSE115427	no	no	author
GSE115469	no	no	author
GSE115476	no	no	none
GSE115501	no	no	none
GSE115571	no	no	none
GSE115600	no	no	author
GSE115612	no	no	author
GSE115622	no	no	author
GSE115628	no	no	none
GSE115640	no	no	none
GSE115723	no	no	none
GSE115730	no	no	none
GSE115746	yes	meta	author
GSE115765	no	no	author
GSE115795	no	no	none
GSE115798	no	no	author
GSE115803	no	no	none
GSE115859	no	no	none
GSE115861	no	no	author
GSE115865	no	no	none
GSE115869	no	no	none
GSE115884	no	no	author
GSE115900	no	no	none
GSE115903	no	no	author
GSE115908	no	no	author
GSE115926	no	no	none
GSE115931	no	no	author
GSE115934	no	no	none
GSE115936	no	no	author
GSE115937	no	no	author
GSE115950	no	no	none
GSE115953	no	no	author
GSE115955	no	no	none
GSE115956	no	no	none
GSE115968	no	no	author
GSE115978	yes	meta	author
GSE115982	no	no	none
GSE115986	no	no	none
GSE115997	no	no	none
GSE116001	no	no	none
GSE116011	no	no	author
GSE116031	no	no	none
GSE116106	no	no	author
GSE116113	no	no	none
GSE116138	no	no	none
GSE116140	no	no	none
GSE116165	no	no	author
GSE116180	no	no	author
GSE116222	no	no	none
GSE116237	no	no	author
GSE116240	no	no	author
GSE116254	no	no	author
GSE116256	no	no	none
GSE116341	no	no	author
GSE116390	yes	meta	none
GSE116397	no	no	none
GSE116426	no	no	author
GSE116470	yes	meta	author
GSE116481	yes	meta	author
GSE116482	no	no	author
GSE116500	no	no	author
GSE116514	no	no	none
GSE116530	no	no	author
GSE116555	yes	object	none
GSE116614	no	no	none
GSE116621	no	no	none
GSE116672	no	no	author
GSE116683	no	no	author
GSE116708	no	no	none
GSE116718	no	no	none
GSE116753	no	no	author
GSE116920	no	no	author
GSE116946	no	no	none
GSE116947	no	no	none
GSE117011	no	no	none
GSE117053	no	no	none
GSE117055	no	no	none
GSE117075	no	no	none
GSE117078	no	no	author
GSE117079	no	no	author
GSE117089	yes	meta	author
GSE117129	no	no	none
GSE117131	yes	meta	none
GSE117149	no	no	none
GSE117154	no	no	none
GSE117156	yes	meta	author
GSE117166	no	no	none
GSE117176	no	no	none
GSE117211	no	no	author
GSE117216	no	no	author
GSE117219	no	no	none
GSE117229	no	no	none
GSE117233	no	no	none
GSE117271	no	no	author
GSE117309	no	no	none
GSE117382	no	no	author
GSE117394	no	no	none
GSE117397	no	no	none
GSE117403	no	no	author
GSE117410	no	meta	author
GSE117437	no	no	none
GSE117449	no	no	none
GSE117470	no	no	none
GSE117480	no	no	none
GSE117498	no	no	author
GSE117512	no	no	none
GSE117542	no	no	author
GSE117567	no	no	none
GSE117570	no	no	none
GSE117599	no	no	none
GSE117615	no	no	author
GSE117708	no	no	none
GSE117715	no	no	author
GSE117770	no	no	none
GSE117795	no	no	author
GSE117803	no	no	none
GSE117826	no	no	author
GSE117837	no	no	none
GSE117872	no	no	author
GSE117891	no	no	none
GSE117893	no	no	none
GSE117895	no	no	author
GSE117963	no	no	none
GSE117988	no	no	none
GSE117997	no	no	none
GSE118019	no	no	none
GSE118055	no	no	none
GSE118056	no	no	none
GSE118068	no	no	none
GSE118122	no	no	author
GSE118127	no	no	none
GSE118137	no	no	none
GSE118180	no	no	none
GSE118184	no	no	author
GSE118194	no	no	author
GSE118209	no	no	none
GSE118234	no	no	none
GSE118237	yes	meta	none
GSE118252	no	no	author
GSE118257	yes	meta	author
GSE118258	yes	meta	none
GSE118292	no	no	none
GSE118312	no	no	none
GSE118322	yes	meta	author
GSE118390	no	no	none
GSE118404	no	no	none
GSE118410	no	no	none
GSE118412	no	no	none
GSE118436	no	no	author
GSE118486	no	no	author
GSE118487	no	no	none
GSE118545	no	no	author
GSE118546	yes	object	author
GSE118555	no	no	none
GSE118577	no	no	none
GSE118599	no	no	none
GSE118614	no	no	author
GSE118682	no	no	none
GSE118723	yes	meta	author
GSE118726	no	no	none
GSE118733	no	no	none
GSE118734	no	no	none
GSE118767	yes	meta	author
GSE118768	no	no	none
GSE118773	no	no	none
GSE118814	no	no	none
GSE118828	yes	meta	none
GSE118852	no	no	author
GSE118891	no	no	author
GSE118900	no	no	none
GSE118904	no	no	none
GSE118918	no	no	none
GSE118931	no	no	none
GSE118932	no	no	author
GSE118948	no	no	author
GSE118953	no	no	none
GSE118987	no	no	none
GSE119045	no	no	none
GSE119060	no	no	none
GSE119139	no	no	author
GSE119212	no	no	none
GSE119228	yes	meta	author
GSE119271	no	no	none
GSE119274	no	no	none
GSE119323	no	no	author
GSE119324	no	no	author
GSE119343	no	no	none
GSE119352	yes	meta	author
GSE119355	no	no	author
GSE119373	no	no	none
GSE119428	yes	meta	author
GSE119450	no	no	author
GSE119455	no	no	none
GSE119484	no	no	none
GSE119506	no	no	none
GSE119507	no	no	none
GSE119531	yes	meta	author
GSE119561	no	no	none
GSE119562	no	no	none
GSE119594	no	no	none
GSE119630	no	no	none
GSE119750	yes	meta	author
GSE119766	no	no	none
GSE119807	no	no	none
GSE119861	no	no	none
GSE119888	no	no	none
GSE119893	no	no	none
GSE119906	no	no	none
GSE119926	no	no	author
GSE119943	no	no	author
GSE119945	yes	meta	author
GSE119960	no	no	none
GSE119969	no	no	none
GSE119984	no	no	none
GSE119988	no	no	none
GSE120000	no	no	none
GSE120035	no	no	none
GSE120046	yes	meta	none
GSE120061	no	no	none
GSE120064	no	no	author
GSE120067	no	no	author
GSE120107	no	no	none
GSE120108	no	no	none
GSE120112	no	no	none
GSE120145	no	no	none
GSE120155	no	no	none
GSE120156	no	no	none
GSE120180	no	no	none
GSE120190	no	no	author
GSE120199	no	no	none
GSE120239	no	no	author
GSE120261	no	no	none
GSE120269	no	no	none
GSE120365	no	no	author
GSE120372	no	no	none
GSE120386	no	no	author
GSE120404	no	no	author
GSE120406	no	no	author
GSE120407	no	no	author
GSE120408	no	no	author
GSE120410	no	no	none
GSE120421	no	no	author
GSE120446	no	no	none
GSE120462	no	no	author
GSE120467	no	no	none
GSE120503	no	no	none
GSE120508	no	no	none
GSE120515	no	no	none
GSE120522	no	no	none
GSE120537	yes	meta	none
GSE120575	no	no	author
GSE120628	no	no	none
GSE120629	no	no	author
GSE120654	no	no	author
GSE120667	no	no	none
GSE120678	no	no	none
GSE120744	no	no	author
GSE120745	no	no	author
GSE120776	no	no	none
GSE120787	no	no	none
GSE120839	yes	meta	none
GSE120861	yes	object	author
GSE120909	no	no	none
GSE120960	no	no	none
GSE120974	no	no	author
GSE120976	no	no	author
GSE121001	no	no	none
GSE121002	no	no	author
GSE121026	no	no	none
GSE121034	no	no	author
GSE121039	yes	meta	none
GSE121047	no	no	none
GSE121050	no	no	none
GSE121080	no	no	none
GSE121081	no	no	none
GSE121083	no	no	none
GSE121107	no	no	none
GSE121265	no	meta	author
GSE121267	no	no	none
GSE121284	no	no	none
GSE121287	no	no	none
GSE121292	no	no	none
GSE121309	no	no	none
GSE121320	no	no	none
GSE121364	no	no	author
GSE121371	no	no	author
GSE121380	no	no	author
GSE121386	no	no	none
GSE121416	no	no	author
GSE121429	no	no	none
GSE121451	no	no	author
GSE121457	yes	meta	author
GSE121469	no	no	author
GSE121477	no	no	none
GSE121478	no	no	author
GSE121521	no	no	author
GSE121527	no	no	none
GSE121560	no	no	author
GSE121568	no	no	none
GSE121579	no	no	none
GSE121598	no	no	author
GSE121600	no	no	none
GSE121602	no	no	none
GSE121611	no	no	none
GSE121617	no	no	author
GSE121619	yes	object	author
GSE121638	yes	meta	none
GSE121653	no	no	none
GSE121654	no	no	author
GSE121655	no	no	none
GSE121671	no	no	none
GSE121705	no	no	none
GSE121707	no	no	none
GSE121708	no	no	author
GSE121717	no	no	author
GSE121720	no	meta	author
GSE121737	no	no	none
GSE121750	no	no	none
GSE121807	no	no	author
GSE121861	no	no	none
GSE121891	yes	meta	none
GSE121893	no	no	author
GSE121904	no	no	author
GSE121940	no	no	author
GSE121957	yes	meta	none
GSE122009	yes	meta	none
GSE122012	no	no	none
GSE122026	no	no	author
GSE122031	no	no	none
GSE122041	no	no	none
GSE122043	no	no	none
GSE122057	no	no	none
GSE122084	no	no	none
GSE122187	no	no	author
GSE122208	no	no	none
GSE122209	no	no	none
GSE122233	no	no	none
GSE122332	no	no	author
GSE122336	no	no	author
GSE122342	no	no	none
GSE122357	no	no	author
GSE122392	no	no	author
GSE122393	no	no	none
GSE122403	no	no	none
GSE122460	yes	meta	none
GSE122467	yes	meta	none
GSE122529	no	no	none
GSE122662	no	no	author
GSE122666	no	no	none
GSE122687	no	no	none
GSE122706	no	no	author
GSE122713	no	no	author
GSE122730	no	no	author
GSE122740	no	no	author
GSE122743	no	no	author
GSE122762	no	no	none
GSE122783	no	no	none
GSE122784	no	no	none
GSE122792	no	no	none
GSE122795	no	no	author
GSE122817	no	no	author
GSE122827	no	no	author
GSE122843	no	no	author
GSE122846	no	no	none
GSE122871	no	no	author
GSE122873	no	no	author
GSE122900	no	no	author
GSE122930	no	no	none
GSE122960	no	no	none
GSE122969	no	no	author
GSE122970	no	no	author
GSE122982	no	no	none
GSE122992	no	no	none
GSE123013	no	no	author
GSE123028	no	no	none
GSE123030	no	no	author
GSE123035	no	no	none
GSE123067	no	no	author
GSE123070	no	no	none
GSE123074	no	no	none
GSE123078	no	no	author
GSE123103	no	no	author
GSE123119	no	meta	none
GSE123135	no	no	author
GSE123139	no	no	author
GSE123164	no	no	none
GSE123179	no	no	none
GSE123187	no	no	author
GSE123241	no	no	none
GSE123335	yes	meta	none
GSE123359	no	no	none
GSE123366	no	no	none
GSE123392	yes	meta	author
GSE123400	no	no	none
GSE123454	no	no	none
GSE123476	no	no	author
GSE123508	no	no	none
GSE123516	no	no	none
GSE123534	no	no	none
GSE123547	no	no	author
GSE123585	no	no	none
GSE123586	no	no	none
GSE123587	no	no	none
GSE123595	no	no	author
GSE123604	no	no	none
GSE123662	no	no	none
GSE123722	no	no	none
GSE123778	no	no	none
GSE123782	no	no	author
GSE123812	no	no	none
GSE123813	yes	meta	none
GSE123818	no	no	none
GSE123824	no	no	none
GSE123837	no	no	none
GSE123838	no	no	none
GSE123844	no	no	none
GSE123904	yes	meta	author
GSE123926	no	no	none
GSE123941	no	no	author
GSE123994	no	no	none
GSE124031	no	no	author
GSE124061	no	no	none
GSE124099	no	no	none
GSE124162	no	no	none
GSE124172	no	no	none
GSE124174	no	no	none
GSE124258	no	no	none
GSE124263	no	no	none
GSE124299	yes	meta	author
GSE124310	no	no	none
GSE124312	yes	meta	author
GSE124323	yes	meta	none
GSE124324	no	no	none
GSE124334	no	no	none
GSE124335	no	no	author
GSE124365	no	no	none
GSE124395	yes	object	author
GSE124425	no	no	author
GSE124437	no	no	none
GSE124454	no	no	none
GSE124472	no	no	none
GSE124477	no	no	none
GSE124488	no	no	none
GSE124494	no	no	author
GSE124560	no	no	none
GSE124562	no	no	author
GSE124577	no	no	none
GSE124675	yes	meta	author
GSE124691	no	no	author
GSE124703	no	no	none
GSE124728	no	no	none
GSE124731	yes	meta	author
GSE124742	no	no	author
GSE124796	no	no	none
GSE124822	no	no	author
GSE124847	no	no	none
GSE124862	no	no	none
GSE124872	yes	meta	author
GSE124875	no	meta	none
GSE124880	no	no	author
GSE124885	no	no	none
GSE124889	no	no	none
GSE124899	no	no	none
GSE124901	no	no	none
GSE124904	no	no	none
GSE124930	no	no	none
GSE124952	yes	meta	author
GSE124989	no	no	none
GSE124992	no	no	author
GSE125044	yes	meta	author
GSE125065	no	no	author
GSE125077	no	no	none
GSE125088	no	no	none
GSE125162	no	no	author
GSE125188	no	no	author
GSE125241	no	no	none
GSE125269	no	no	author
GSE125272	no	no	author
GSE125288	no	no	none
GSE125290	no	no	none
GSE125300	no	no	none
GSE125316	no	no	none
GSE125372	no	no	author
GSE125416	no	no	none
GSE125449	no	no	author
GSE125464	no	no	none
GSE125492	no	no	none
GSE125497	no	no	none
GSE125527	yes	meta	author
GSE125579	yes	meta	none
GSE125586	yes	meta	none
GSE125587	no	no	none
GSE125588	no	no	none
GSE125595	no	no	none
GSE125616	no	no	none
GSE125620	no	no	none
GSE125670	no	no	none
GSE125676	no	no	author
GSE125680	no	no	none
GSE125688	no	no	author
GSE125694	no	no	none
GSE125708	no	no	none
GSE125709	no	no	none
GSE125837	no	no	none
GSE125838	no	no	none
GSE125881	yes	meta	none
GSE125949	no	no	none
GSE125969	yes	meta	author
GSE125970	no	no	author
GSE126022	no	no	none
GSE126027	no	no	none
GSE126030	no	no	author
GSE126042	no	no	none
GSE126060	no	no	none
GSE126067	no	no	none
GSE126068	no	no	none
GSE126074	no	no	author
GSE126085	no	no	author
GSE126111	no	no	none
GSE126128	no	no	author
GSE126131	no	no	author
GSE126139	no	no	none
GSE126158	no	no	none
GSE126159	no	no	none
GSE126184	no	no	author
GSE126205	no	no	none
GSE126250	no	no	author
GSE126261	no	no	author
GSE126310	no	no	author
GSE126321	no	no	author
GSE126349	no	no	author
GSE126388	no	no	author
GSE126480	no	no	none
GSE126488	yes	object	author
GSE126497	no	no	none
GSE126500	no	no	none
GSE126539	no	no	author
GSE126574	no	no	none
GSE126579	no	no	author
GSE126647	no	no	author
GSE126657	no	no	author
GSE126707	no	no	author
GSE126714	no	no	author
GSE126770	no	no	author
GSE126780	no	no	author
GSE126783	no	no	author
GSE126815	no	no	none
GSE126820	no	no	none
GSE126834	no	no	none
GSE126836	no	no	author
GSE126891	no	no	none
GSE126924	no	no	none
GSE126954	yes	meta	author
GSE126966	no	no	none
GSE126967	no	no	none
GSE126968	no	no	none
GSE127005	yes	meta	none
GSE127193	no	no	none
GSE127202	no	no	author
GSE127221	yes	meta	none
GSE127235	no	no	none
GSE127249	no	no	none
GSE127266	no	no	none
GSE127298	no	no	none
GSE127465	yes	meta	author
GSE127470	no	no	none
GSE127471	no	no	none
GSE127683	no	no	none
GSE127724	no	no	none
GSE127754	no	no	none
GSE127774	yes	object	author
GSE127794	no	no	none
GSE127803	no	no	none
GSE127813	no	no	none
GSE127832	no	no	none
GSE127888	no	no	none
GSE127898	no	no	author
GSE127918	no	no	none
GSE127943	no	no	author
GSE127963	no	no	none
GSE127969	no	no	none
GSE127975	no	no	none
GSE127997	no	no	none
GSE128003	no	no	author
GSE128033	no	no	author
GSE128040	no	no	none
GSE128066	no	no	author
GSE128074	no	no	author
GSE128089	no	no	author
GSE128147	no	no	author
GSE128169	no	no	author
GSE128175	no	no	none
GSE128223	no	no	author
GSE128241	no	meta	none
GSE128243	no	no	none
GSE128273	no	no	author
GSE128276	no	no	none
GSE128306	no	no	none
GSE128331	no	no	none
GSE128334	no	no	none
GSE128357	no	no	author
GSE128393	no	no	none
GSE128416	no	no	none
GSE128423	no	no	author
GSE128464	yes	meta	none
GSE128518	yes	meta	author
GSE128525	yes	object	author
GSE128531	no	no	author
GSE128553	no	no	none
GSE128565	yes	object	none
GSE128639	no	no	author
GSE128671	no	no	none
GSE128691	no	no	none
GSE128738	no	no	author
GSE128743	no	no	author
GSE128762	no	no	author
GSE128790	no	no	none
GSE128791	no	no	none
GSE128793	no	no	none
GSE128794	no	no	none
GSE128818	no	no	author
GSE128822	no	no	none
GSE128855	no	no	author
GSE128879	no	no	none
GSE128890	no	no	none
GSE128892	no	no	none
GSE128908	no	no	author
GSE128916	no	no	none
GSE128933	no	no	none
GSE128934	no	no	author
GSE128944	no	no	none
GSE128963	no	no	none
GSE128971	no	no	none
GSE128974	no	no	none
GSE128982	no	no	author
GSE128985	no	no	none
GSE128987	no	no	none
GSE128991	no	meta	none
GSE128992	no	no	none
GSE129007	no	no	none
GSE129057	no	no	none
GSE129064	no	no	none
GSE129087	no	no	author
GSE129096	no	no	author
GSE129105	no	no	none
GSE129106	no	no	none
GSE129112	no	no	author
GSE129114	no	no	author
GSE129122	no	no	none
GSE129125	no	no	none
GSE129139	no	no	none
GSE129150	no	no	none
GSE129170	no	no	author
GSE129175	no	no	none
GSE129178	no	no	author
GSE129213	no	no	none
GSE129214	yes	meta	none
GSE129218	no	no	author
GSE129225	no	no	none
GSE129256	no	no	none
GSE129257	no	no	none
GSE129299	no	no	author
GSE129308	no	no	none
GSE129371	no	no	none
GSE129447	no	no	none
GSE129451	no	no	author
GSE129455	no	no	author
GSE129516	no	no	none
GSE129517	no	no	none
GSE129519	no	no	author
GSE129570	no	no	none
GSE129578	no	no	author
GSE129581	yes	meta	author
GSE129583	no	no	none
GSE129584	no	no	none
GSE129605	no	no	none
GSE129609	no	no	none
GSE129611	no	no	none
GSE129653	no	no	none
GSE129662	no	no	none
GSE129726	no	no	author
GSE129730	no	no	author
GSE129738	no	no	author
GSE129740	no	no	author
GSE129762	no	no	none
GSE129763	no	no	none
GSE129773	no	no	none
GSE129774	no	no	none
GSE129788	yes	meta	author
GSE129798	no	no	author
GSE129825	no	no	author
GSE129826	no	no	author
GSE129845	no	no	author
GSE129857	no	no	none
GSE129914	yes	meta	author
GSE129921	no	no	none
GSE129927	no	no	none
GSE129933	yes	meta	author
GSE129937	no	no	none
GSE129981	no	no	none
GSE129987	no	no	author
GSE130000	no	no	none
GSE130001	no	no	author
GSE130008	yes	meta	author
GSE130009	yes	meta	author
GSE130025	no	no	author
GSE130037	no	no	author
GSE130045	no	no	author
GSE130050	no	no	none
GSE130065	no	no	author
GSE130070	no	no	none
GSE130075	no	no	none
GSE130077	no	no	none
GSE130105	no	no	none
GSE130113	no	no	author
GSE130114	yes	meta	author
GSE130116	no	no	none
GSE130117	no	no	author
GSE130118	no	no	none
GSE130146	no	no	none
GSE130148	yes	meta	author
GSE130151	no	no	none
GSE130157	no	no	none
GSE130180	no	no	none
GSE130212	no	no	none
GSE130228	no	no	none
GSE130238	no	no	author
GSE130287	no	no	none
GSE130289	no	no	author
GSE130298	no	no	author
GSE130312	yes	meta	author
GSE130318	no	no	none
GSE130341	no	no	author
GSE130346	no	no	none
GSE130355	no	no	none
GSE130430	no	no	none
GSE130439	no	no	author
GSE130453	no	no	author
GSE130461	no	no	none
GSE130473	no	no	author
GSE130504	no	no	none
GSE130515	no	no	none
GSE130526	yes	object	none
GSE130554	no	no	none
GSE130566	no	no	none
GSE130593	no	no	none
GSE130597	no	no	none
GSE130606	no	no	author
GSE130609	no	no	none
GSE130626	no	no	none
GSE130636	no	no	none
GSE130646	no	no	none
GSE130649	no	no	none
GSE130653	yes	meta	none
GSE130664	no	no	none
GSE130682	yes	meta	author
GSE130708	no	no	author
GSE130756	no	no	author
GSE130772	no	no	author
GSE130784	no	no	author
GSE130785	no	no	none
GSE130812	no	no	none
GSE130822	no	no	author
GSE130842	no	no	author
GSE130850	no	no	none
GSE130875	no	meta	author
GSE130879	no	no	author
GSE130880	no	no	none
GSE130881	no	no	author
GSE130888	no	no	none
GSE130896	no	no	none
GSE130919	no	no	none
GSE130938	no	no	none
GSE130950	no	no	none
GSE130966	no	no	author
GSE130973	yes	object	none
GSE130977	no	no	none
GSE131007	no	no	none
GSE131038	yes	object	author
GSE131059	no	no	none
GSE131086	no	no	none
GSE131094	no	no	author
GSE131099	no	no	author
GSE131134	no	no	none
GSE131135	yes	object	author
GSE131136	yes	meta	author
GSE131155	no	no	author
GSE131181	yes	meta	none
GSE131183	no	no	none
GSE131204	yes	object	author
GSE131271	no	no	none
GSE131272	no	no	none
GSE131285	no	no	none
GSE131305	no	no	author
GSE131309	yes	meta	none
GSE131339	no	no	none
GSE131351	yes	meta	none
GSE131365	no	no	none
GSE131391	no	no	author
GSE131409	no	no	none
GSE131416	no	no	none
GSE131434	no	no	none
GSE131450	no	no	author
GSE131498	no	no	none
GSE131508	no	no	none
GSE131535	no	no	none
GSE131569	no	no	none
GSE131593	no	no	none
GSE131629	no	no	none
GSE131630	no	no	author
GSE131662	no	no	none
GSE131668	no	no	none
GSE131685	no	no	author
GSE131696	no	no	none
GSE131702	no	no	none
GSE131714	no	no	author
GSE131734	no	no	none
GSE131736	no	no	none
GSE131780	no	no	author
GSE131800	no	no	none
GSE131834	yes	meta	none
GSE131841	no	no	none
GSE131847	no	no	none
GSE131882	yes	object	author
GSE131886	no	no	none
GSE131907	yes	meta	author
GSE131909	no	no	none
GSE131927	no	no	none
GSE131928	no	no	author
GSE131935	no	no	author
GSE131957	yes	meta	none
GSE131971	no	no	none
GSE131983	no	no	author
GSE131984	yes	meta	author
GSE131987	no	no	author
GSE131996	no	no	none
GSE132023	no	no	none
GSE132044	no	no	author
GSE132045	no	no	none
GSE132065	no	no	author
GSE132067	no	no	none
GSE132080	yes	meta	author
GSE132105	no	no	none
GSE132122	no	no	none
GSE132133	no	no	author
GSE132146	no	no	author
GSE132149	no	no	author
GSE132151	no	no	author
GSE132164	no	no	author
GSE132166	yes	meta	author
GSE132172	no	no	none
GSE132184	no	no	none
GSE132188	yes	object	author
GSE132199	no	no	none
GSE132224	no	no	none
GSE132229	no	no	none
GSE132238	no	no	none
GSE132255	no	no	author
GSE132257	yes	meta	author
GSE132272	no	no	none
GSE132273	no	no	author
GSE132274	no	no	none
GSE132326	no	no	author
GSE132329	no	no	author
GSE132338	yes	meta	author
GSE132355	yes	object	author
GSE132357	no	no	none
GSE132364	yes	object	author
GSE132394	no	no	none
GSE132396	no	no	none
GSE132402	no	no	none
GSE132438	no	no	none
GSE132462	no	no	none
GSE132465	yes	meta	author
GSE132504	no	no	none
GSE132507	no	no	none
GSE132509	no	no	none
GSE132525	no	no	none
GSE132533	no	no	none
GSE132573	no	no	author
GSE132581	no	no	none
GSE132582	no	no	none
GSE132589	no	no	author
GSE132642	no	no	none
GSE132649	no	no	none
GSE132658	no	no	none
GSE132662	no	no	none
GSE132672	no	no	none
GSE132730	yes	meta	author
GSE132745	no	no	none
GSE132757	no	no	author
GSE132758	no	no	none
GSE132770	no	no	author
GSE132771	no	no	author
GSE132798	no	no	none
GSE132802	no	no	none
GSE132803	no	no	none
GSE132815	no	no	none
GSE132867	no	no	none
GSE132880	no	no	none
GSE132901	no	no	none
GSE132904	no	no	none
GSE132910	no	no	none
GSE132914	no	no	none
GSE132925	no	no	none
GSE132943	no	no	none
GSE132950	no	no	none
GSE132959	no	no	none
GSE132999	no	no	none
GSE133015	no	no	none
GSE133018	no	no	none
GSE133022	no	no	none
GSE133028	no	no	none
GSE133054	no	no	author
GSE133079	no	no	author
GSE133083	no	no	author
GSE133094	no	no	author
GSE133161	no	no	author
GSE133167	no	no	none
GSE133181	no	no	author
GSE133204	no	no	none
GSE133230	no	no	none
GSE133232	no	no	author
GSE133233	yes	meta	none
GSE133244	yes	meta	author
GSE133329	no	no	none
GSE133341	yes	meta	none
GSE133344	no	no	author
GSE133345	yes	meta	author
GSE133371	no	no	none
GSE133433	no	no	none
GSE133449	no	no	none
GSE133452	no	no	none
GSE133466	no	no	none
GSE133486	yes	meta	none
GSE133512	no	no	none
GSE133531	yes	meta	none
GSE133549	yes	meta	author
GSE133604	no	no	author
GSE133640	yes	meta	none
GSE133699	no	no	author
GSE133706	no	no	author
GSE133707	no	no	author
GSE133743	no	no	none
GSE133747	no	no	author
GSE133773	no	no	none
GSE133832	no	no	none
GSE133856	no	no	none
GSE133894	no	no	none
GSE133912	yes	meta	none
GSE133926	no	no	none
GSE133948	yes	meta	none
GSE133953	no	no	none
GSE133992	no	no	none
GSE133996	no	no	author
GSE134004	no	no	none
GSE134009	no	no	none
GSE134049	no	no	none
GSE134058	no	no	none
GSE134134	no	no	none
GSE134139	no	no	author
GSE134144	no	no	none
GSE134157	no	no	none
GSE134163	no	no	none
GSE134174	yes	meta	none
GSE134179	no	no	none
GSE134180	no	no	none
GSE134181	no	no	none
GSE134240	no	no	none
GSE134242	no	meta	none
GSE134260	no	no	none
GSE134269	no	no	author
GSE134273	no	no	none
GSE134286	no	no	none
GSE134288	no	no	none
GSE134311	no	no	none
GSE134331	no	no	none
GSE134339	no	no	none
GSE134350	no	no	none
GSE134355	no	no	author
GSE134365	no	no	none
GSE134388	no	no	none
GSE134419	no	no	author
GSE134420	no	no	none
GSE134432	no	no	author
GSE134439	yes	object	none
GSE134450	no	no	none
GSE134479	no	no	author
GSE134482	no	no	none
GSE134483	no	no	none
GSE134520	no	no	none
GSE134523	no	no	none
GSE134540	no	no	author
GSE134555	no	no	none
GSE134557	no	no	none
GSE134570	no	no	author
GSE134571	yes	object	none
GSE134576	no	no	none
GSE134577	no	no	none
GSE134688	no	no	none
GSE134690	no	no	none
GSE134705	yes	meta	author
GSE134706	no	no	author
GSE134722	no	no	none
GSE134726	no	no	none
GSE134731	no	no	none
GSE134738	no	no	none
GSE134757	yes	meta	none
GSE134758	yes	meta	none
GSE134791	no	no	none
GSE134809	no	no	author
GSE134837	no	no	none
GSE134881	no	no	author
GSE134883	yes	meta	none
GSE134902	no	no	none
GSE134904	no	no	author
GSE134912	no	no	none
GSE134918	no	no	author
GSE134997	no	no	author
GSE135044	no	no	author
GSE135060	no	no	none
GSE135092	no	no	author
GSE135096	no	no	none
GSE135132	no	no	author
GSE135133	no	no	author
GSE135142	no	no	author
GSE135143	no	no	author
GSE135167	no	no	author
GSE135185	no	no	author
GSE135186	no	no	author
GSE135194	no	no	none
GSE135202	no	no	none
GSE135240	no	no	none
GSE135253	no	no	none
GSE135289	no	no	none
GSE135296	yes	meta	none
GSE135300	no	no	none
GSE135310	no	no	none
GSE135325	no	no	none
GSE135330	no	no	none
GSE135356	no	no	none
GSE135382	yes	meta	author
GSE135394	no	no	none
GSE135399	no	no	none
GSE135406	no	no	none
GSE135414	no	no	none
GSE135429	no	no	author
GSE135437	no	no	author
GSE135461	no	no	none
GSE135495	no	no	none
GSE135497	no	no	author
GSE135500	no	no	none
GSE135507	no	no	none
GSE135513	no	no	author
GSE135520	no	no	none
GSE135553	no	no	none
GSE135564	no	no	none
GSE135595	yes	meta	none
GSE135618	no	no	none
GSE135622	no	no	none
GSE135663	no	no	author
GSE135701	no	no	none
GSE135703	yes	meta	none
GSE135704	no	no	none
GSE135710	no	no	none
GSE135716	no	no	none
GSE135737	no	no	none
GSE135761	no	no	none
GSE135769	no	no	author
GSE135779	no	no	author
GSE135780	no	no	none
GSE135781	no	no	none
GSE135801	no	no	author
GSE135810	no	no	none
GSE135814	no	no	none
GSE135851	no	no	author
GSE135893	yes	meta	author
GSE135897	no	no	none
GSE135922	no	no	author
GSE135929	no	no	none
GSE135985	no	no	none
GSE135992	no	no	none
GSE136001	no	no	none
GSE136005	no	no	none
GSE136028	no	no	none
GSE136049	yes	meta	none
GSE136088	no	no	none
GSE136103	no	no	none
GSE136109	no	no	none
GSE136121	no	no	author
GSE136125	no	no	author
GSE136148	no	no	author
GSE136154	no	no	none
GSE136160	no	no	author
GSE136162	no	no	none
GSE136196	no	no	none
GSE136206	no	no	none
GSE136220	no	no	none
GSE136225	yes	meta	none
GSE136230	yes	meta	none
GSE136239	no	no	none
GSE136314	no	no	none
GSE136341	no	no	none
GSE136353	no	no	none
GSE136376	no	no	none
GSE136394	no	no	none
GSE136441	no	no	none
GSE136447	no	no	none
GSE136455	no	no	none
GSE136546	no	no	none
GSE136580	no	no	none
GSE136610	no	no	none
GSE136611	no	no	none
GSE136636	no	no	none
GSE136641	no	no	none
GSE136656	yes	object	none
GSE136659	no	no	none
GSE136679	no	no	none
GSE136689	yes	meta	none
GSE136718	no	no	none
GSE136720	no	no	none
GSE136723	no	no	none
GSE136732	no	no	author
GSE136747	no	no	none
GSE136752	no	no	none
GSE136795	no	no	none
GSE136800	no	no	none
GSE136802	yes	meta	none
GSE136805	yes	object	author
GSE136831	yes	meta	author
GSE136867	no	no	none
GSE136871	no	no	author
GSE136874	no	no	author
GSE136880	yes	meta	none
GSE136900	no	no	author
GSE136915	no	no	none
GSE136954	no	no	author
GSE136970	no	no	author
GSE136973	no	no	author
GSE136974	no	no	none
GSE136979	no	no	author
GSE137007	no	no	none
GSE137010	no	no	author
GSE137015	no	no	none
GSE137026	no	no	none
GSE137029	no	no	none
GSE137073	no	no	none
GSE137076	no	no	none
GSE137082	no	no	none
GSE137101	yes	meta	none
GSE137116	yes	meta	author
GSE137165	yes	meta	none
GSE137167	no	no	none
GSE137208	no	no	none
GSE137236	yes	meta	author
GSE137275	yes	meta	none
GSE137299	no	no	none
GSE137337	no	no	author
GSE137349	no	no	none
GSE137353	no	no	author
GSE137391	no	no	none
GSE137400	no	no	author
GSE137462	no	no	none
GSE137476	no	no	author
GSE137478	no	no	none
GSE137496	no	no	none
GSE137512	no	no	none
GSE137524	no	no	author
GSE137525	no	no	none
GSE137540	yes	meta	none
GSE137545	no	no	none
GSE137554	yes	meta	none
GSE137572	no	no	none
GSE137586	no	no	none
GSE137597	no	no	none
GSE137620	no	no	none
GSE137659	no	no	none
GSE137671	no	no	none
GSE137672	no	no	none
GSE137699	no	no	author
GSE137710	yes	meta	author
GSE137720	no	no	author
GSE137749	no	no	none
GSE137758	no	no	none
GSE137759	no	no	none
GSE137763	no	no	none
GSE137770	no	no	author
GSE137784	no	no	none
GSE137786	no	no	none
GSE137787	no	no	none
GSE137791	no	no	none
GSE137792	no	no	none
GSE137793	no	no	none
GSE137795	no	no	none
GSE137799	no	no	author
GSE137804	yes	meta	author
GSE137805	no	no	author
GSE137811	no	no	author
GSE137818	no	no	none
GSE137829	no	no	none
GSE137847	yes	meta	author
GSE137864	no	no	none
GSE137869	no	no	author
GSE137876	no	no	none
GSE137877	no	no	none
GSE137908	no	no	none
GSE137909	yes	meta	author
GSE137912	yes	meta	author
GSE137927	no	no	none
GSE137941	no	no	none
GSE137950	no	no	none
GSE137961	no	no	author
GSE137971	no	no	author
GSE137986	no	no	author
GSE138002	no	no	author
GSE138025	no	no	none
GSE138027	yes	meta	author
GSE138033	no	no	author
GSE138121	no	no	none
GSE138156	no	no	author
GSE138181	no	no	author
GSE138222	yes	meta	author
GSE138227	no	no	none
GSE138228	no	no	none
GSE138243	no	no	none
GSE138246	no	no	none
GSE138266	no	no	author
GSE138270	no	no	none
GSE138302	no	no	none
GSE138381	no	no	author
GSE138474	yes	object	none
GSE138504	yes	object	author
GSE138515	yes	meta	none
GSE138536	yes	meta	author
GSE138544	no	no	none
GSE138585	no	no	author
GSE138626	no	no	none
GSE138628	no	no	none
GSE138629	no	no	none
GSE138651	no	no	none
GSE138665	no	no	author
GSE138680	no	no	none
GSE138693	no	no	author
GSE138707	no	no	none
GSE138709	no	no	none
GSE138718	no	no	author
GSE138748	no	no	author
GSE138791	no	no	none
GSE138794	yes	meta	author
GSE138811	yes	meta	none
GSE138826	yes	object	none
GSE138832	no	no	author
GSE138833	no	no	author
GSE138835	no	no	none
GSE138838	no	no	none
GSE138852	no	no	none
GSE138857	no	no	author
GSE138867	no	no	none
GSE138881	no	no	none
GSE138891	no	no	none
GSE138892	no	no	author
GSE138902	no	no	none
GSE138904	no	no	none
GSE138941	no	no	none
GSE138975	no	no	none
GSE138979	no	no	none
GSE139013	no	no	author
GSE139034	no	no	none
GSE139035	no	no	none
GSE139042	yes	meta	none
GSE139046	no	no	none
GSE139065	yes	object	none
GSE139079	no	no	author
GSE139088	no	no	author
GSE139103	no	no	none
GSE139125	yes	meta	none
GSE139161	no	no	author
GSE139168	no	no	author
GSE139181	no	no	author
GSE139186	no	no	none
GSE139193	no	no	author
GSE139200	yes	meta	none
GSE139218	no	no	author
GSE139229	no	no	author
GSE139231	no	no	author
GSE139248	no	no	author
GSE139249	no	no	author
GSE139265	no	no	none
GSE139275	no	no	none
GSE139280	no	no	none
GSE139318	no	no	none
GSE139324	no	no	author
GSE139328	no	no	none
GSE139342	no	no	author
GSE139382	no	no	none
GSE139389	no	no	none
GSE139412	yes	object	none
GSE139448	no	no	author
GSE139492	no	no	author
GSE139495	yes	meta	author
GSE139506	no	no	none
GSE139512	no	no	none
GSE139522	no	no	author
GSE139535	no	no	none
GSE139549	no	no	none
GSE139550	no	no	none
GSE139555	yes	meta	author
GSE139558	no	no	none
GSE139598	yes	meta	none
GSE139600	no	no	none
GSE139658	no	no	none
GSE139659	no	no	none
GSE139819	no	no	none
GSE139827	no	no	author
GSE139829	no	no	author
GSE139842	yes	meta	none
GSE139891	no	no	none
GSE139914	no	no	none
GSE139944	yes	meta	author
GSE139999	no	no	none
GSE140010	no	no	none
GSE140021	no	no	author
GSE140023	yes	meta	author
GSE140026	no	no	none
GSE140032	no	no	none
GSE140061	no	no	none
GSE140091	no	no	none
GSE140123	no	no	author
GSE140128	no	no	none
GSE140130	no	no	none
GSE140133	yes	meta	none
GSE140151	no	no	none
GSE140182	no	no	author
GSE140203	yes	meta	author
GSE140222	no	no	none
GSE140228	no	no	author
GSE140231	no	no	none
GSE140262	yes	meta	none
GSE140312	no	no	none
GSE140348	yes	meta	none
GSE140393	no	no	none
GSE140405	no	no	none
GSE140431	yes	meta	author
GSE140440	no	no	author
GSE140468	yes	meta	author
GSE140493	no	no	none
GSE140511	no	no	author
GSE140512	yes	meta	author
GSE140553	no	no	none
GSE140628	yes	object	none
GSE140793	no	no	none
GSE140795	no	no	none
GSE140802	yes	meta	author
GSE140807	no	no	author
GSE140811	no	no	author
GSE140812	no	no	none
GSE140816	no	no	author
GSE140819	yes	meta	author
GSE140822	no	no	author
GSE140879	no	no	none
GSE140881	no	no	none
GSE140883	no	no	none
GSE140890	no	no	author
GSE140896	no	no	none
GSE140946	no	no	author
GSE140956	no	no	author
GSE140968	no	no	none
GSE140989	no	no	author
GSE141017	no	no	author
GSE141018	no	no	none
GSE141026	yes	object	none
GSE141030	no	meta	author
GSE141031	no	no	none
GSE141036	no	no	none
GSE141038	no	no	none
GSE141044	no	no	author
GSE141105	no	no	none
GSE141111	yes	meta	author
GSE141115	no	no	author
GSE141117	yes	meta	author
GSE141141	no	no	none
GSE141157	no	no	none
GSE141173	yes	meta	none
GSE141175	no	no	none
GSE141183	no	no	none
GSE141238	no	no	none
GSE141259	no	no	author
GSE141263	no	no	none
GSE141275	no	no	none
GSE141284	no	no	none
GSE141299	yes	meta	none
GSE141330	yes	object	author
GSE141348	no	no	none
GSE141383	no	no	none
GSE141428	no	no	none
GSE141445	no	no	none
GSE141457	no	no	none
GSE141460	no	no	author
GSE141471	no	no	none
GSE141472	no	no	none
GSE141526	no	no	none
GSE141532	no	no	none
GSE141533	no	no	none
GSE141552	no	no	none
GSE141590	no	no	author
GSE141634	no	no	author
GSE141664	no	no	none
GSE141665	no	no	author
GSE141692	no	no	none
GSE141701	no	no	none
GSE141728	no	no	none
GSE141730	no	no	author
GSE141732	no	no	none
GSE141776	no	no	none
GSE141786	yes	meta	none
GSE141807	no	no	none
GSE141810	no	no	none
GSE141811	no	no	none
GSE141814	no	no	author
GSE141832	no	no	none
GSE141834	no	no	none
GSE141851	no	no	author
GSE141856	no	no	author
GSE141862	no	no	none
GSE141895	no	no	author
GSE141896	no	no	none
GSE141922	no	no	none
GSE141928	no	no	none
GSE141946	yes	meta	none
GSE141982	no	no	author
GSE142016	no	no	none
GSE142047	no	no	none
GSE142074	no	no	none
GSE142078	no	no	none
GSE142113	no	no	none
GSE142116	no	no	author
GSE142119	no	no	none
GSE142143	yes	meta	none
GSE142168	yes	object	author
GSE142180	no	no	author
GSE142184	no	no	author
GSE142199	no	no	none
GSE142200	no	no	none
GSE142212	no	no	none
GSE142213	no	no	author
GSE142233	no	no	author
GSE142235	no	no	none
GSE142243	no	no	none
GSE142244	no	no	none
GSE142245	yes	meta	author
GSE142267	yes	meta	author
GSE142274	no	no	author
GSE142277	no	no	author
GSE142286	no	no	none
GSE142341	no	no	author
GSE142345	no	no	author
GSE142347	no	no	author
GSE142356	no	no	author
GSE142392	no	no	none
GSE142418	no	no	none
GSE142420	no	no	none
GSE142423	no	no	none
GSE142425	no	no	none
GSE142435	no	no	author
GSE142449	no	no	none
GSE142451	no	no	author
GSE142471	no	no	author
GSE142480	no	no	none
GSE142483	no	no	none
GSE142484	no	no	none
GSE142489	no	no	none
GSE142500	no	no	none
GSE142515	no	no	none
GSE142523	no	no	none
GSE142526	no	no	author
GSE142538	no	no	none
GSE142541	yes	meta	none
GSE142546	no	no	none
GSE142564	yes	meta	author
GSE142581	no	no	author
GSE142585	no	no	none
GSE142613	no	no	none
GSE142637	no	no	none
GSE142653	no	no	none
GSE142655	yes	object	none
GSE142694	no	no	none
GSE142745	no	no	author
GSE142750	no	no	author
GSE142754	no	no	author
GSE142768	no	no	none
GSE142784	no	no	none
GSE142787	yes	object	none
GSE142788	no	no	none
GSE142797	no	no	none
GSE142838	no	no	none
GSE142845	no	no	none
GSE142853	no	no	none
GSE142858	no	no	none
GSE142873	no	no	none
GSE142999	no	no	none
GSE143002	no	no	none
GSE143038	no	no	author
GSE143140	no	no	none
GSE143148	no	no	none
GSE143158	no	no	none
GSE143167	no	no	none
GSE143190	no	no	author
GSE143214	no	no	author
GSE143221	no	no	none
GSE143295	no	no	none
GSE143317	no	no	author
GSE143337	no	no	none
GSE143353	no	no	none
GSE143355	no	no	author
GSE143356	no	no	none
GSE143366	no	no	none
GSE143380	no	no	none
GSE143417	no	no	author
GSE143423	yes	meta	none
GSE143435	yes	meta	none
GSE143437	yes	meta	none
GSE143452	no	no	none
GSE143453	no	no	none
GSE143476	yes	meta	none
GSE143492	no	no	none
GSE143524	no	no	none
GSE143526	yes	object	none
GSE143545	no	no	none
GSE143607	yes	object	none
GSE143624	no	no	none
GSE143636	no	no	none
GSE143637	no	no	author
GSE143663	no	no	author
GSE143669	no	no	author
GSE143685	no	no	none
GSE143686	no	no	none
GSE143704	yes	meta	none
GSE143705	no	no	none
GSE143706	no	no	none
GSE143750	no	no	none
GSE143753	yes	object	none
GSE143758	no	no	author
GSE143783	no	no	author
GSE143796	no	no	author
GSE143802	no	no	author
GSE143806	no	no	none
GSE143813	no	no	none
GSE143817	no	no	none
GSE143818	no	no	none
GSE143868	no	no	author
GSE143877	no	no	none
GSE143880	no	no	none
GSE143888	no	no	none
GSE143913	no	no	none
GSE143916	no	no	none
GSE143920	no	no	none
GSE143949	no	no	none
GSE143960	no	no	none
GSE143988	no	no	none
GSE143997	no	no	none
GSE144009	no	no	none
GSE144024	no	no	none
GSE144027	no	no	none
GSE144038	no	no	author
GSE144085	no	no	none
GSE144097	yes	meta	author
GSE144136	no	meta	none
GSE144170	no	no	none
GSE144172	no	no	none
GSE144173	no	no	none
GSE144174	no	no	none
GSE144191	yes	object	none
GSE144216	yes	object	none
GSE144222	no	no	none
GSE144240	yes	meta	author
GSE144270	no	no	author
GSE144271	no	no	author
GSE144273	no	no	none
GSE144299	no	no	none
GSE144306	no	no	author
GSE144317	yes	meta	author
GSE144320	yes	meta	author
GSE144351	no	no	none
GSE144357	yes	meta	author
GSE144384	no	no	none
GSE144411	no	no	none
GSE144420	no	no	none
GSE144430	no	no	none
GSE144434	no	no	none
GSE144444	no	no	author
GSE144468	no	no	none
GSE144469	yes	meta	author
GSE144471	no	no	none
GSE144477	no	no	none
GSE144481	no	no	author
GSE144482	yes	meta	author
GSE144494	no	no	none
GSE144495	no	no	none
GSE144507	no	no	none
GSE144508	yes	meta	author
GSE144528	no	no	none
GSE144568	yes	object	author
GSE144572	no	no	none
GSE144635	no	no	none
GSE144636	no	no	none
GSE144637	no	no	none
GSE144678	no	no	none
GSE144705	no	no	author
GSE144707	no	no	author
GSE144720	no	no	none
GSE144730	no	no	none
GSE144734	no	no	none
GSE144735	yes	meta	author
GSE144744	yes	meta	none
GSE144769	no	no	none
GSE144820	no	no	author
GSE144827	no	no	author
GSE144870	no	no	author
GSE144890	no	no	none
GSE144897	no	no	author
GSE144908	no	no	none
GSE144944	no	no	none
GSE144980	no	no	none
GSE145013	yes	meta	none
GSE145031	no	no	none
GSE145036	no	no	none
GSE145080	no	no	author
GSE145086	no	no	author
GSE145095	yes	meta	none
GSE145107	no	no	none
GSE145121	no	no	none
GSE145122	no	no	none
GSE145137	yes	meta	author
GSE145139	no	no	author
GSE145163	no	no	none
GSE145170	no	no	none
GSE145172	yes	meta	none
GSE145197	no	no	author
GSE145228	no	no	none
GSE145229	no	no	none
GSE145230	no	no	none
GSE145236	no	no	none
GSE145241	yes	object	none
GSE145242	no	no	none
GSE145243	no	no	none
GSE145247	no	no	none
GSE145251	no	no	none
GSE145266	no	no	none
GSE145267	no	no	none
GSE145273	no	no	none
GSE145279	no	no	author
GSE145281	no	no	none
GSE145283	no	no	none
GSE145286	no	no	author
GSE145298	no	no	none
GSE145299	no	no	none
GSE145306	no	no	none
GSE145307	no	no	none
GSE145326	no	no	none
GSE145328	yes	meta	none
GSE145347	no	no	none
GSE145360	yes	meta	author
GSE145363	no	no	author
GSE145370	yes	meta	author
GSE145410	no	no	author
GSE145434	no	no	author
GSE145435	no	no	author
GSE145443	yes	meta	author
GSE145477	no	no	author
GSE145502	no	no	author
GSE145518	no	no	none
GSE145539	no	no	none
GSE145556	no	no	author
GSE145609	yes	object	none
GSE145619	no	no	none
GSE145633	no	no	none
GSE145638	no	no	author
GSE145690	no	no	author
GSE145700	no	no	none
GSE145708	no	no	none
GSE145727	no	no	none
GSE145765	yes	object	none
GSE145800	yes	object	author
GSE145801	no	no	none
GSE145809	no	no	none
GSE145815	yes	meta	none
GSE145830	no	no	author
GSE145832	yes	meta	none
GSE145866	no	no	author
GSE145886	yes	object	none
GSE145894	no	meta	none
GSE145896	no	no	none
GSE145922	yes	meta	none
GSE145926	yes	meta	author
GSE145927	yes	meta	none
GSE145928	no	no	none
GSE145929	no	no	none
GSE145934	no	no	none
GSE145973	no	no	none
GSE145998	no	no	none
GSE146002	no	no	none
GSE146007	no	no	none
GSE146020	no	no	none
GSE146026	no	no	author
GSE146035	no	no	none
GSE146040	yes	object	none
GSE146043	no	no	author
GSE146099	yes	object	none
GSE146113	no	no	none
GSE146115	no	no	author
GSE146118	no	no	none
GSE146122	yes	meta	author
GSE146123	no	no	author
GSE146137	no	no	author
GSE146138	yes	object	none
GSE146165	no	no	author
GSE146172	yes	meta	none
GSE146186	no	no	author
GSE146187	no	no	author
GSE146194	no	no	none
GSE146216	no	no	none
GSE146221	no	no	none
GSE146233	no	no	none
GSE146238	no	no	none
GSE146244	no	no	none
GSE146264	no	no	none
GSE146285	no	no	none
GSE146292	no	no	none
GSE146310	no	no	none
GSE146311	no	no	none
GSE146312	no	no	none
GSE146313	no	no	none
GSE146314	no	no	none
GSE146315	no	no	none
GSE146373	no	no	none
GSE146395	no	no	none
GSE146409	no	no	author
GSE146437	no	no	none
GSE146456	no	no	none
GSE146510	no	no	none
GSE146596	yes	meta	none
GSE146609	no	no	none
GSE146613	yes	meta	none
GSE146619	no	no	author
GSE146626	no	no	none
GSE146637	yes	object	author
GSE146639	no	no	none
GSE146672	no	no	none
GSE146681	no	no	none
GSE146682	no	no	none
GSE146684	yes	meta	author
GSE146692	no	no	author
GSE146712	no	no	author
GSE146731	no	no	none
GSE146737	yes	object	none
GSE146740	yes	object	none
GSE146741	no	no	none
GSE146755	no	no	none
GSE146759	yes	meta	none
GSE146763	no	no	none
GSE146771	yes	meta	author
GSE146773	no	no	none
GSE146783	no	no	none
GSE146799	no	no	author
GSE146811	no	no	author
GSE146837	yes	meta	none
GSE146855	no	no	none
GSE146861	no	no	none
GSE146912	no	no	author
GSE146923	no	no	none
GSE146926	no	no	author
GSE146972	no	no	none
GSE146974	no	no	author
GSE146981	no	no	none
GSE146983	no	no	none
GSE146988	no	no	none
GSE146990	no	no	none
GSE147021	no	no	author
GSE147031	no	no	none
GSE147047	no	no	none
GSE147066	yes	meta	none
GSE147075	no	no	none
GSE147080	no	no	author
GSE147081	no	no	author
GSE147092	yes	meta	none
GSE147100	no	no	none
GSE147108	no	no	none
GSE147110	no	no	none
GSE147117	no	no	none
GSE147127	no	no	none
GSE147135	no	no	none
GSE147143	yes	object	author
GSE147150	no	no	none
GSE147174	no	no	none
GSE147182	yes	meta	none
GSE147191	yes	meta	none
GSE147203	yes	meta	author
GSE147206	no	no	author
GSE147259	yes	meta	none
GSE147263	no	no	author
GSE147285	no	no	none
GSE147287	no	no	none
GSE147295	no	no	none
GSE147298	no	no	none
GSE147322	no	no	none
GSE147326	no	no	none
GSE147327	no	no	none
GSE147349	no	no	author
GSE147355	no	no	author
GSE147356	no	no	none
GSE147358	no	no	none
GSE147360	no	no	none
GSE147386	no	no	author
GSE147394	no	no	none
GSE147395	no	no	none
GSE147397	no	no	none
GSE147405	yes	meta	none
GSE147415	no	no	none
GSE147424	no	no	none
GSE147457	no	no	none
GSE147487	yes	meta	none
GSE147495	no	no	none
GSE147520	no	no	none
GSE147525	no	no	none
GSE147559	no	no	author
GSE147564	no	no	none
GSE147573	no	no	none
GSE147581	no	no	none
GSE147621	no	no	none
GSE147668	yes	meta	author
GSE147688	no	no	none
GSE147693	yes	meta	author
GSE147694	no	no	author
GSE147722	no	no	none
GSE147729	no	no	none
GSE147744	no	no	none
GSE147794	yes	meta	author
GSE147795	no	no	author
GSE147807	yes	meta	none
GSE147821	no	no	none
GSE147822	no	no	none
GSE147863	no	no	none
GSE147883	yes	meta	author
GSE147893	no	no	none
GSE147903	no	no	none
GSE147913	no	no	none
GSE147928	yes	object	none
GSE147944	no	no	none
GSE147975	no	no	none
GSE147987	no	no	none
GSE147989	no	no	none
GSE148020	no	no	none
GSE148040	no	no	none
GSE148063	no	no	none
GSE148071	no	no	none
GSE148077	no	no	author
GSE148115	no	no	none
GSE148127	yes	meta	author
GSE148162	no	no	author
GSE148189	no	no	none
GSE148190	yes	meta	author
GSE148192	yes	meta	none
GSE148209	yes	meta	none
GSE148212	no	no	none
GSE148215	no	no	author
GSE148218	yes	meta	author
GSE148237	no	no	none
GSE148283	no	no	none
GSE148316	yes	meta	none
GSE148339	yes	object	none
GSE148345	no	no	author
GSE148360	no	no	author
GSE148366	no	no	author
GSE148367	no	no	none
GSE148371	no	no	author
GSE148373	no	no	author
GSE148374	no	no	author
GSE148405	no	no	none
GSE148416	no	no	none
GSE148465	no	no	none
GSE148477	no	no	none
GSE148480	yes	meta	none
GSE148499	no	no	none
GSE148505	no	no	none
GSE148507	yes	meta	none
GSE148519	no	no	none
GSE148591	no	no	none
GSE148633	no	no	none
GSE148660	no	no	none
GSE148665	no	no	author
GSE148666	no	no	author
GSE148673	yes	meta	author
GSE148729	yes	meta	none
GSE148791	yes	object	none
GSE148796	no	no	none
GSE148805	no	no	none
GSE148820	no	no	none
GSE148822	no	no	none
GSE148826	no	no	none
GSE148829	no	no	author
GSE148837	yes	meta	none
GSE148842	no	no	none
GSE148856	no	no	none
GSE148859	yes	object	none
GSE148866	yes	meta	none
GSE148882	no	no	none
GSE148902	no	no	none
GSE148942	no	no	none
GSE148946	yes	meta	author
GSE148963	no	no	none
GSE148981	no	no	author
GSE148996	no	no	none
GSE149030	no	no	none
GSE149036	no	no	none
GSE149040	no	no	none
GSE149067	no	no	none
GSE149068	no	no	none
GSE149069	no	no	none
GSE149099	no	no	author
GSE149100	no	no	author
GSE149121	no	no	none
GSE149133	no	no	none
GSE149134	no	no	none
GSE149136	no	no	none
GSE149175	no	no	none
GSE149178	no	no	none
GSE149179	no	no	none
GSE149201	no	no	none
GSE149207	no	no	author
GSE149209	no	no	none
GSE149221	yes	object	none
GSE149224	yes	meta	author
GSE149247	no	no	none
GSE149271	no	no	none
GSE149280	no	no	none
GSE149298	yes	meta	none
GSE149313	no	no	none
GSE149335	no	no	none
GSE149356	yes	object	none
GSE149368	yes	meta	none
GSE149372	yes	meta	none
GSE149383	no	no	none
GSE149443	yes	meta	author
GSE149451	no	no	none
GSE149452	no	no	none
GSE149457	no	no	none
GSE149512	no	no	none
GSE149524	yes	object	none
GSE149527	no	no	none
GSE149535	no	no	none
GSE149544	yes	meta	none
GSE149564	no	no	none
GSE149569	no	no	none
GSE149583	yes	meta	author
GSE149590	yes	meta	none
GSE149613	no	no	none
GSE149614	no	no	none
GSE149617	no	no	author
GSE149622	yes	meta	none
GSE149629	no	no	none
GSE149633	no	no	none
GSE149636	yes	meta	none
GSE149652	no	no	author
GSE149655	no	no	none
GSE149689	no	no	none
GSE149715	no	no	none
GSE149727	no	no	none
GSE149728	no	no	none
GSE149758	yes	meta	author
GSE149777	no	no	none
GSE149813	no	no	none
GSE149878	no	no	author
GSE149897	no	no	none
GSE149907	no	no	none
GSE149909	no	no	none
GSE149931	no	no	none
GSE149938	no	no	none
GSE149965	no	no	none
GSE149974	no	no	none
GSE149975	no	no	none
GSE150004	no	no	none
GSE150020	no	no	none
GSE150021	no	no	none
GSE150025	no	no	none
GSE150027	no	no	none
GSE150050	yes	meta	none
GSE150065	no	no	none
GSE150083	no	no	none
GSE150115	no	no	none
GSE150132	no	no	none
GSE150150	yes	object	author
GSE150153	yes	meta	none
GSE150166	no	no	none
GSE150169	no	no	author
GSE150176	no	no	none
GSE150178	no	no	none
GSE150199	no	no	none
GSE150202	no	no	none
GSE150219	yes	meta	none
GSE150226	no	no	author
GSE150233	no	no	none
GSE150234	no	no	none
GSE150235	no	no	none
GSE150241	no	no	none
GSE150259	yes	meta	none
GSE150263	no	no	none
GSE150284	no	no	none
GSE150291	no	no	none
GSE150294	no	no	author
GSE150305	no	no	author
GSE150311	no	no	none
GSE150321	no	no	none
GSE150327	no	no	none
GSE150338	yes	object	none
GSE150344	no	no	none
GSE150358	yes	meta	none
GSE150361	no	no	author
GSE150369	no	no	none
GSE150383	no	no	none
GSE150387	no	no	none
GSE150420	no	no	none
GSE150425	no	no	none
GSE150430	no	no	author
GSE150486	yes	meta	none
GSE150551	no	no	author
GSE150556	no	no	none
GSE150568	no	no	none
GSE150570	no	no	none
GSE150579	yes	object	none
GSE150580	yes	meta	author
GSE150637	no	no	none
GSE150644	no	no	author
GSE150660	yes	object	author
GSE150672	no	no	none
GSE150687	no	no	none
GSE150692	no	no	author
GSE150703	no	no	none
GSE150713	no	no	none
GSE150728	yes	object	none
GSE150741	no	no	none
GSE150751	no	no	none
GSE150752	no	no	author
GSE150766	no	no	none
GSE150768	yes	meta	none
GSE150774	no	no	none
GSE150792	no	no	none
GSE150825	yes	meta	none
GSE150839	no	no	author
GSE150861	no	no	none
GSE150864	no	no	none
GSE150871	no	no	none
GSE150877	yes	meta	author
GSE150921	no	no	author
GSE150923	no	no	none
GSE150930	no	no	none
GSE150949	no	no	none
GSE150952	no	no	none
GSE150989	no	no	none
GSE150991	yes	meta	author
GSE150992	no	no	none
GSE150995	no	no	author
GSE151006	no	no	none
GSE151007	no	no	none
GSE151009	no	no	none
GSE151074	no	no	none
GSE151087	no	no	none
GSE151089	no	no	none
GSE151091	no	no	none
GSE151117	no	no	none
GSE151137	no	no	none
GSE151151	no	no	none
GSE151152	no	no	none
GSE151161	no	no	none
GSE151167	no	no	none
GSE151186	no	no	none
GSE151202	no	no	none
GSE151212	no	no	none
GSE151231	yes	object	none
GSE151248	yes	meta	author
GSE151257	no	no	none
GSE151263	yes	object	author
GSE151302	no	no	none
GSE151309	no	no	none
GSE151310	no	no	none
GSE151334	no	no	none
GSE151346	yes	meta	author
GSE151354	no	no	none
GSE151375	no	no	none
GSE151381	no	no	author
GSE151409	no	no	author
GSE151421	yes	object	none
GSE151511	no	no	none
GSE151530	no	no	none
GSE151564	no	no	none
GSE151592	no	no	none
GSE151611	no	no	none
GSE151630	no	no	author
GSE151658	yes	object	none
GSE151669	no	no	none
GSE151674	yes	meta	author
GSE151682	no	no	author
GSE151709	no	no	author
GSE151710	yes	meta	author
GSE151723	no	no	author
GSE151811	no	no	none
GSE151824	no	no	author
GSE151825	no	no	none
GSE151831	no	no	none
GSE151877	no	no	author
GSE151878	no	no	none
GSE151889	no	no	none
GSE151902	yes	meta	none
GSE151921	no	no	author
GSE151928	no	no	none
GSE151940	yes	meta	none
GSE151944	yes	meta	none
GSE151958	no	no	none
GSE151961	no	no	none
GSE151973	yes	object	none
GSE151974	yes	meta	none
GSE151985	yes	object	author
GSE152009	no	no	none
GSE152014	no	no	none
GSE152018	no	no	none
GSE152022	yes	meta	none
GSE152048	no	no	none
GSE152058	yes	meta	author
GSE152125	no	no	none
GSE152145	no	no	none
GSE152184	no	no	none
GSE152197	no	no	author
GSE152198	no	no	none
GSE152222	no	no	none
GSE152237	no	no	none
GSE152238	no	no	none
GSE152246	no	no	none
GSE152248	no	no	none
GSE152281	no	no	author
GSE152282	no	no	none
GSE152315	no	no	none
GSE152318	no	no	none
GSE152325	yes	object	none
GSE152369	no	no	author
GSE152370	no	no	author
GSE152379	no	no	none
GSE152387	yes	meta	none
GSE152467	no	no	none
GSE152469	no	no	author
GSE152495	no	no	none
GSE152522	yes	meta	none
GSE152551	no	no	none
GSE152555	no	no	none
GSE152573	no	no	none
GSE152574	no	no	none
GSE152583	no	no	none
GSE152587	no	no	none
GSE152632	no	no	author
GSE152674	no	no	author
GSE152685	no	no	none
GSE152707	no	no	none
GSE152715	no	no	none
GSE152716	no	no	author
GSE152730	no	no	none
GSE152731	no	no	none
GSE152745	no	no	none
GSE152765	no	no	none
GSE152766	yes	object	none
GSE152786	no	no	none
GSE152805	no	no	none
GSE152806	no	no	none
GSE152815	no	no	none
GSE152841	no	no	none
GSE152842	no	no	none
GSE152859	no	no	none
GSE152866	no	no	none
GSE152867	no	no	none
GSE152888	no	no	none
GSE152906	no	no	none
GSE152915	no	no	none
GSE152928	no	no	none
GSE152930	no	no	none
GSE152939	no	no	none
GSE152946	no	no	none
GSE152962	yes	meta	none
GSE152981	no	no	author
GSE152982	no	no	none
GSE152988	no	no	none
GSE152989	yes	object	none
GSE153032	no	no	none
GSE153045	no	no	none
GSE153099	no	no	none
GSE153117	no	no	none
GSE153197	no	no	none
GSE153274	no	no	none
GSE153277	no	no	none
GSE153319	no	no	none
GSE153339	no	no	none
GSE153358	yes	meta	none
GSE153370	yes	meta	none
GSE153421	no	no	none
GSE153422	no	no	none
GSE153424	no	no	none
GSE153435	no	no	none
GSE153463	no	no	none
GSE153481	no	no	none
GSE153487	no	no	none
GSE153515	no	no	author
GSE153534	no	no	none
GSE153541	yes	meta	none
GSE153549	yes	meta	author
GSE153559	no	no	none
GSE153568	no	no	none
GSE153569	no	no	none
GSE153596	yes	object	none
GSE153599	no	no	none
GSE153615	no	no	none
GSE153627	no	no	none
GSE153632	no	no	none
GSE153647	no	no	none
GSE153665	no	no	none
GSE153674	no	no	none
GSE153676	yes	meta	none
GSE153697	yes	meta	none
GSE153701	no	no	none
GSE153737	no	no	none
GSE153760	no	no	author
GSE153765	yes	meta	none
GSE153771	no	no	none
GSE153802	no	no	none
GSE153807	no	no	author
GSE153818	no	no	author
GSE153819	no	no	none
GSE153824	no	no	author
GSE153889	no	no	none
GSE153895	no	no	none
GSE153916	yes	meta	none
GSE153929	no	no	author
GSE153931	yes	meta	none
GSE153935	no	no	none
GSE153958	no	no	none
GSE154000	yes	object	none
GSE154014	no	no	none
GSE154037	yes	meta	none
GSE154047	no	no	author
GSE154048	yes	meta	author
GSE154049	no	no	none
GSE154102	no	no	none
GSE154107	no	no	none
GSE154109	no	no	author
GSE154126	no	no	none
GSE154136	no	no	none
GSE154159	no	no	none
GSE154160	no	no	none
GSE154196	no	no	none
GSE154203	no	no	none
GSE154259	no	no	none
GSE154278	no	no	none
GSE154304	no	no	none
GSE154356	no	no	author
GSE154358	no	no	author
GSE154359	no	no	author
GSE154370	no	no	none
GSE154375	no	no	none
GSE154385	no	no	none
GSE154386	no	no	none
GSE154400	no	no	none
GSE154406	yes	object	none
GSE154515	no	no	none
GSE154543	no	no	author
GSE154557	no	no	none
GSE154564	no	no	none
GSE154567	yes	meta	none
GSE154572	yes	meta	none
GSE154579	no	no	author
GSE154600	no	no	none
GSE154654	no	no	none
GSE154659	yes	object	none
GSE154679	no	no	none
GSE154692	yes	meta	author
GSE154759	yes	object	author
GSE154763	yes	meta	none
GSE154772	no	no	none
GSE154775	no	no	none
GSE154776	no	no	none
GSE154778	no	no	author
GSE154817	no	no	author
GSE154826	yes	meta	none
GSE154854	no	no	none
GSE154863	no	no	none
GSE154868	no	meta	none
GSE154869	yes	meta	none
GSE154870	no	meta	none
GSE154874	no	no	none
GSE154879	no	no	none
GSE154900	no	no	none
GSE154906	no	no	none
GSE154910	no	no	none
GSE154930	no	no	none
GSE154932	yes	object	none
GSE154969	no	no	none
GSE154973	no	no	none
GSE154977	yes	meta	author
GSE154978	yes	meta	author
GSE154989	yes	meta	author
GSE155006	no	no	author
GSE155012	no	no	none
GSE155079	no	no	none
GSE155081	no	no	none
GSE155088	no	no	none
GSE155113	no	no	none
GSE155136	no	no	none
GSE155182	yes	object	none
GSE155204	no	no	author
GSE155212	no	no	none
GSE155226	no	no	none
GSE155249	yes	meta	none
GSE155261	yes	meta	none
GSE155275	no	no	none
GSE155304	no	no	none
GSE155329	no	no	none
GSE155340	no	no	author
GSE155427	yes	object	none
GSE155434	no	no	author
GSE155436	no	no	none
GSE155468	no	no	none
GSE155488	no	no	none
GSE155499	no	no	none
GSE155506	no	no	none
GSE155514	no	no	author
GSE155536	no	no	none
GSE155569	no	no	none
GSE155602	no	no	none
GSE155619	yes	meta	none
GSE155622	yes	meta	none
GSE155669	no	no	none
GSE155673	no	no	author
GSE155698	no	no	none
GSE155699	no	no	none
GSE155788	no	no	none
GSE155794	no	no	author
GSE155802	no	no	none
GSE155850	no	no	none
GSE155880	no	no	none
GSE155928	no	no	none
GSE155966	no	no	none
GSE155988	yes	meta	none
GSE156031	no	no	none
GSE156043	no	no	none
GSE156052	no	no	author
GSE156057	no	no	author
GSE156070	no	no	none
GSE156135	no	no	none
GSE156136	no	no	none
GSE156138	no	no	author
GSE156150	no	no	author
GSE156154	no	no	none
GSE156170	no	no	author
GSE156180	no	no	none
GSE156183	yes	meta	author
GSE156201	no	no	none
GSE156210	no	no	none
GSE156214	no	no	none
GSE156234	no	no	none
GSE156245	yes	object	none
GSE156259	no	no	none
GSE156262	no	no	none
GSE156285	no	no	none
GSE156338	no	no	none
GSE156340	no	no	none
GSE156341	no	no	none
GSE156410	no	no	none
GSE156438	no	no	none
GSE156455	yes	meta	none
GSE156467	no	no	none
GSE156473	no	no	none
GSE156498	no	no	none
GSE156505	no	no	none
GSE156588	no	no	none
GSE156596	no	no	none
GSE156625	no	no	author
GSE156628	yes	object	none
GSE156633	no	no	none
GSE156644	no	no	none
GSE156663	no	no	none
GSE156686	no	no	none
GSE156689	no	no	none
GSE156700	no	no	none
GSE156725	no	no	none
GSE156734	no	no	none
GSE156745	yes	meta	none
GSE156752	no	no	none
GSE156755	no	no	none
GSE156776	no	no	none
GSE156790	no	no	none
GSE156793	yes	meta	none
GSE156841	no	no	none
GSE156851	no	no	none
GSE156905	no	no	none
GSE156972	yes	meta	author
GSE156988	no	no	none
GSE157019	no	no	none
GSE157068	yes	object	author
GSE157072	no	no	none
GSE157079	yes	meta	none
GSE157100	no	no	author
GSE157119	no	no	none
GSE157144	no	no	none
GSE157157	no	no	none
GSE157202	yes	meta	author
GSE157204	no	no	none
GSE157220	no	no	author
GSE157244	no	no	none
GSE157277	no	no	author
GSE157278	no	no	author
GSE157280	no	no	none
GSE157281	no	no	none
GSE157292	no	no	author
GSE157299	no	no	none
GSE157344	no	no	none
GSE157362	no	no	none
GSE157382	no	no	none
GSE157410	no	no	author
GSE157424	yes	meta	none
GSE157453	yes	meta	none
GSE157477	no	no	none
GSE157480	no	no	none
GSE157501	yes	object	none
GSE157504	no	no	none
GSE157507	no	no	none
GSE157518	no	no	none
GSE157525	no	no	none
GSE157526	no	no	none
GSE157542	no	no	none
GSE157580	no	no	none
GSE157591	no	no	none
GSE157600	no	no	none
GSE157624	no	no	none
GSE157640	no	no	none
GSE157641	no	no	none
GSE157653	no	no	none
GSE157679	no	no	none
GSE157697	no	no	none
GSE157703	no	no	none
GSE157740	no	no	author
GSE157742	no	no	author
GSE157743	no	no	author
GSE157744	no	no	author
GSE157770	no	no	none
GSE157771	no	no	none
GSE157773	no	no	none
GSE157781	no	no	none
GSE157782	no	no	none
GSE157783	no	no	none
GSE157815	no	no	author
GSE157816	no	no	none
GSE157827	no	no	none
GSE157829	no	no	none
GSE157860	no	no	none
GSE157890	no	no	author
GSE157962	no	no	author
GSE157963	no	no	author
GSE157966	no	no	none
GSE157977	no	no	none
GSE157983	yes	meta	none
GSE157990	no	no	author
GSE158004	no	no	author
GSE158016	no	no	none
GSE158030	yes	meta	none
GSE158034	yes	meta	none
GSE158036	yes	meta	none
GSE158037	yes	meta	none
GSE158050	no	no	none
GSE158055	yes	meta	none
GSE158109	yes	meta	none
GSE158127	yes	meta	none
GSE158130	yes	object	none
GSE158140	no	no	none
GSE158142	yes	object	author
GSE158153	no	no	none
GSE158175	no	no	none
GSE158234	no	no	none
GSE158240	yes	meta	author
GSE158241	no	no	none
GSE158257	yes	meta	none
GSE158275	no	no	none
GSE158278	yes	meta	none
GSE158291	no	no	none
GSE158304	no	no	none
GSE158349	no	no	none
GSE158358	no	no	none
GSE158378	no	no	none
GSE158380	no	no	none
GSE158390	no	no	author
GSE158432	no	no	author
GSE158449	yes	object	none
GSE158450	no	no	author
GSE158454	no	no	none
GSE158457	no	no	none
GSE158459	yes	meta	none
GSE158493	no	no	none
GSE158501	no	no	none
GSE158512	no	no	none
GSE158582	yes	meta	none
GSE158631	no	no	none
GSE158691	yes	object	none
GSE158700	no	no	none
GSE158704	no	no	none
GSE158722	no	no	none
GSE158724	no	no	none
GSE158733	no	no	none
GSE158761	yes	object	none
GSE158803	yes	meta	none
GSE158808	no	no	none
GSE158820	no	no	none
GSE158827	no	no	author
GSE158840	no	no	none
GSE158841	no	no	none
GSE158844	yes	object	none
GSE158849	no	no	none
GSE158855	no	no	none
GSE158859	yes	meta	none
GSE158874	no	no	none
GSE158880	no	no	none
GSE158886	no	no	none
GSE158896	yes	meta	none
GSE158923	no	no	none
GSE158924	no	no	none
GSE158937	no	no	none
GSE158960	no	no	none
GSE158967	no	no	author
GSE158989	no	no	none
GSE158999	yes	meta	none
GSE159013	no	no	none
GSE159030	no	no	none
GSE159065	no	no	none
GSE159074	no	no	none
GSE159107	no	no	none
GSE159113	no	no	none
GSE159117	no	no	none
GSE159156	no	no	none
GSE159161	no	no	none
GSE159196	no	no	none
GSE159212	no	no	author
GSE159252	yes	object	none
GSE159316	no	no	none
GSE159342	no	no	none
GSE159344	no	no	none
GSE159345	no	no	none
GSE159354	no	no	author
GSE159423	no	no	none
GSE159452	no	no	none
GSE159491	yes	meta	author
GSE159500	yes	meta	none
GSE159542	no	no	none
GSE159564	no	no	none
GSE159575	no	no	none
GSE159576	no	no	none
GSE159593	no	no	none
GSE159597	no	no	author
GSE159599	no	no	author
GSE159624	no	no	none
GSE159638	yes	meta	none
GSE159674	no	no	none
GSE159677	no	no	none
GSE159745	yes	meta	author
GSE159759	yes	meta	none
GSE159763	no	no	none
GSE159768	no	no	none
GSE159784	no	no	author
GSE159805	no	no	none
GSE159812	no	no	none
GSE159913	no	no	none
GSE159929	yes	meta	author
GSE159938	no	no	none
GSE159966	no	no	none
GSE160009	no	no	none
GSE160038	no	no	none
GSE160048	no	no	none
GSE160053	no	no	none
GSE160054	no	no	none
GSE160061	yes	object	none
GSE160062	no	no	none
GSE160090	no	no	author
GSE160097	yes	meta	none
GSE160098	yes	object	none
GSE160136	no	no	none
GSE160137	no	no	none
GSE160138	no	no	none
GSE160140	no	no	none
GSE160148	no	no	none
GSE160193	yes	meta	author
GSE160228	no	no	none
GSE160251	yes	object	none
GSE160269	no	no	none
GSE160305	no	no	none
GSE160351	no	no	none
GSE160358	no	no	author
GSE160377	yes	meta	none
GSE160384	no	no	none
GSE160386	no	no	none
GSE160400	no	no	none
GSE160450	no	no	none
GSE160466	no	no	author
GSE160474	no	no	none
GSE160486	no	no	none
GSE160487	no	no	none
GSE160523	yes	meta	none
GSE160529	no	no	none
GSE160536	no	no	author
GSE160585	yes	meta	none
GSE160664	yes	meta	none
GSE160673	yes	meta	none
GSE160674	no	no	none
GSE160729	no	no	none
GSE160751	no	no	author
GSE160752	no	no	author
GSE160753	no	no	author
GSE160754	no	no	author
GSE160760	no	no	none
GSE160763	no	no	none
GSE160767	no	no	none
GSE160772	yes	object	none
GSE160787	no	no	none
GSE160794	no	no	none
GSE160797	yes	meta	none
GSE160810	yes	object	none
GSE160876	no	no	author
GSE160910	no	no	none
GSE160915	no	no	none
GSE160938	yes	object	none
GSE160991	yes	meta	none
GSE161066	no	no	none
GSE161089	no	no	none
GSE161123	no	no	none
GSE161125	no	no	none
GSE161132	no	no	none
GSE161153	no	no	none
GSE161195	yes	meta	none
GSE161224	no	no	none
GSE161227	no	no	none
GSE161228	yes	meta	author
GSE161230	no	no	none
GSE161255	yes	meta	none
GSE161262	no	no	author
GSE161263	no	no	author
GSE161267	no	no	none
GSE161280	no	no	none
GSE161290	no	no	none
GSE161298	no	no	none
GSE161299	no	no	none
GSE161318	yes	meta	none
GSE161329	no	no	author
GSE161336	no	no	none
GSE161340	no	no	none
GSE161345	no	no	none
GSE161363	yes	meta	none
GSE161382	yes	meta	author
GSE161447	no	no	author
GSE161465	yes	meta	author
GSE161482	no	no	none
GSE161487	no	no	none
GSE161500	no	no	none
GSE161511	no	no	none
GSE161560	no	no	none
GSE161604	no	no	none
GSE161610	no	no	none
GSE161617	no	no	none
GSE161621	no	no	none
GSE161628	no	no	none
GSE161642	no	no	none
GSE161648	no	no	none
GSE161685	yes	object	author
GSE161722	no	no	none
GSE161738	yes	object	none
GSE161751	no	no	author
GSE161758	no	no	none
GSE161855	no	no	none
GSE161894	no	no	none
GSE161901	no	no	none
GSE161918	yes	meta	none
GSE161933	yes	meta	none
GSE161934	no	no	author
GSE161936	yes	object	none
GSE161937	no	no	none
GSE161947	yes	meta	none
GSE162025	yes	meta	author
GSE162033	no	no	none
GSE162035	no	no	none
GSE162045	no	no	none
GSE162049	no	no	none
GSE162053	no	no	none
GSE162054	no	no	none
GSE162073	no	no	none
GSE162075	no	no	none
GSE162086	yes	meta	none
GSE162097	no	no	none
GSE162098	no	no	none
GSE162115	no	no	none
GSE162121	yes	object	none
GSE162182	yes	meta	none
GSE162208	no	no	none
GSE162234	no	no	none
GSE162238	yes	meta	author
GSE162263	no	no	none
GSE162308	yes	meta	author
GSE162334	no	no	none
GSE162335	yes	meta	none
GSE162379	no	no	none
GSE162418	no	no	none
GSE162432	no	no	none
GSE162467	yes	object	none
GSE162498	yes	object	none
GSE162499	yes	meta	none
GSE162511	no	no	none
GSE162512	no	no	none
GSE162621	no	no	none
GSE162654	yes	meta	none
GSE162663	no	no	none
GSE162685	yes	meta	author
GSE162686	yes	meta	author
GSE162726	no	no	none
GSE162806	no	no	author
GSE162807	no	no	none
GSE162933	no	no	none
GSE162952	no	no	none
GSE162979	no	no	none
GSE162992	no	no	none
GSE163005	yes	meta	author
GSE163014	no	no	none
GSE163018	yes	meta	none
GSE163028	no	no	author
GSE163029	no	no	none
GSE163089	yes	meta	none
GSE163108	yes	meta	author
GSE163120	yes	meta	none
GSE163121	no	no	none
GSE163155	no	no	none
GSE163194	no	no	none
GSE163282	no	no	none
GSE163323	no	no	none
GSE163367	no	no	none
GSE163394	no	no	none
GSE163423	no	no	none
GSE163429	no	no	none
GSE163430	no	no	none
GSE163445	no	no	none
GSE163493	no	no	none
GSE163519	no	no	none
GSE163532	yes	meta	none
GSE163536	no	no	none
GSE163572	no	no	none
GSE163602	no	no	none
GSE163650	no	no	none
GSE163668	no	no	author
GSE163678	no	no	none
GSE163744	no	no	none
GSE163750	no	no	none
GSE163762	no	no	none
GSE163764	no	no	author
GSE163793	no	no	author
GSE163794	no	no	none
GSE163830	no	no	none
GSE163834	no	no	none
GSE163856	yes	object	none
GSE163919	yes	meta	none
GSE163952	yes	object	none
GSE163974	no	no	none
GSE164010	no	no	none
GSE164015	no	no	none
GSE164026	no	no	none
GSE164033	yes	meta	none
GSE164041	no	no	none
GSE164044	no	no	author
GSE164092	yes	meta	none
GSE164106	no	no	none
GSE164108	no	no	none
GSE164110	no	no	none
GSE164131	no	no	none
GSE93156	no	no	none
GSE93374	yes	meta	author
GSE93421	no	no	author
GSE93524	no	no	none
GSE93530	no	no	none
GSE93593	no	no	author
GSE93722	no	no	none
GSE93801	no	no	author
GSE93811	no	no	author
GSE94054	yes	meta	none
GSE94087	no	no	none
GSE94333	no	no	none
GSE94383	no	no	author
GSE94555	no	meta	author
GSE94579	no	no	author
GSE94641	no	no	author
GSE94813	no	no	none
GSE94820	no	no	author
GSE94883	no	no	author
GSE94920	no	no	none
GSE94957	no	no	none
GSE95021	no	no	author
GSE95025	no	no	author
GSE95093	no	no	author
GSE95133	yes	meta	author
GSE95140	no	no	author
GSE95155	no	no	author
GSE95157	no	no	none
GSE95194	no	no	author
GSE95435	no	no	none
GSE95446	no	no	none
GSE95450	no	no	none
GSE95542	no	no	none
GSE95601	yes	meta	author
GSE95701	yes	meta	author
GSE95723	no	no	author
GSE95736	no	no	none
GSE96045	no	no	author
GSE96066	no	no	none
GSE96104	no	no	none
GSE96105	no	no	none
GSE96106	no	no	none
GSE96569	no	no	none
GSE96583	no	no	author
GSE96630	no	no	none
GSE96638	no	no	none
GSE96674	no	no	none
GSE96675	no	no	none
GSE96772	no	no	author
GSE96819	no	no	none
GSE96827	no	no	author
GSE96981	no	no	author
GSE96986	no	no	author
GSE96993	no	no	author
GSE97037	no	no	none
GSE97080	no	no	author
GSE97160	no	no	none
GSE97168	yes	meta	author
GSE97213	no	no	none
GSE97310	no	no	none
GSE97381	no	no	none
GSE97390	no	no	author
GSE97519	no	no	none
GSE97564	no	no	none
GSE97655	no	no	author
GSE97679	no	no	author
GSE97681	no	no	author
GSE97693	no	no	none
GSE97726	no	no	author
GSE97727	no	no	none
GSE97848	no	no	none
GSE97849	no	no	none
GSE97881	no	no	none
GSE97941	no	meta	none
GSE97942	no	no	author
GSE97955	no	no	none
GSE98011	no	no	author
GSE98048	no	no	author
GSE98052	no	no	author
GSE98131	no	no	author
GSE98145	no	no	none
GSE98201	no	no	none
GSE98415	no	no	none
GSE98440	no	no	none
GSE98451	no	no	none
GSE98556	no	no	author
GSE98561	yes	object	author
GSE98567	no	no	author
GSE98569	no	no	author
GSE98587	no	no	none
GSE98638	no	no	author
GSE98644	no	no	none
GSE98664	no	no	author
GSE98679	yes	meta	none
GSE98734	yes	meta	none
GSE98794	no	no	none
GSE98816	no	no	none
GSE98852	no	no	none
GSE98971	no	no	author
GSE99058	no	no	none
GSE99093	yes	object	none
GSE99095	no	no	none
GSE99187	no	no	none
GSE99210	no	no	none
GSE99211	no	no	author
GSE99235	no	no	none
GSE99251	yes	meta	author
GSE99254	no	no	author
GSE99255	no	no	none
GSE99258	no	no	none
GSE99305	no	no	author
GSE99330	no	no	author
GSE99457	no	no	author
GSE99701	no	no	none
GSE99714	no	no	none
GSE99735	no	no	none
GSE99765	yes	meta	none
GSE99778	no	no	none
GSE99786	no	no	author
GSE99795	no	no	none
GSE99822	no	no	author
GSE99846	no	no	none
GSE99866	no	no	author
GSE99888	no	no	author
GSE99909	no	no	none
GSE99915	no	no	author
GSE99951	no	no	author
GSE99989	no	no	none
