id	usable	journal	cite	year	ifs
GSE100033	no	Nat Neurosci	123	2017	19.912
GSE100037	no	Nat Methods	107	2017	26.919
GSE100058	no	Cell	127	2017	31.398
GSE100106	no	Development	20	2017	5.413
GSE100118	no	Nature	159	2017	41.577
GSE100274	no	BMC Biol	20	2017	5.77
GSE100320	no	Cell	56	2017	31.398
GSE100337	no	Cell	78	2017	31.398
GSE100344	no	Sci Adv	0	2017	11.511
GSE100384	no	Cell	70	2017	31.398
GSE100389	no	Protein Cell	6	2017	10.164
GSE100412	no	Life Sci Alliance	17	2017	NA
GSE100426	no	Cell Rep	38	2017	8.032
GSE100449	no	Cell	70	2017	31.398
GSE100471	no	Science	100	2017	41.058
GSE100474	no	Nat Commun	48	2017	12.353
GSE100501	no	Nat Biotechnol	283	2017	35.724
GSE100584	no	Front Synaptic Neurosci	7	2017	NA
GSE100586	no	Front Synaptic Neurosci	7	2017	NA
GSE100597	no	Cell Rep	146	2017	8.032
GSE100607	no	Cell Stem Cell	39	2017	23.29
GSE100618	no	Nat Immunol	83	2017	21.809
GSE100669	yes	Mol Cancer Res	5	2017	NA
GSE100694	no	Cancer Cell	22	2017	22.844
GSE100706	no	Kidney Int	25	2017	8.429
GSE100771	no	Nature	456	2017	41.577
GSE100861	no	Dev Cell	64	2017	9.616
GSE100866	no	Nat Methods	650	2017	26.919
GSE100913	no	J Exp Med	62	2017	10.79
GSE101099	no	Nat Commun	51	2017	12.353
GSE101181	no	J Biol Chem	8	2017	4.01
GSE101207	no	Cell Rep	23	2017	8.032
GSE101334	no	Cell	154	2017	31.398
GSE101340	no	Cancer Cell	65	2017	22.844
GSE101341	no	mBio	72	2017	6.689
GSE101487	no	Science	101	2017	41.058
GSE101518	no	G3 (Bethesda)	34	2017	3.833
GSE101519	no	G3 (Bethesda)	34	2017	3.833
GSE101601	no	Sci Rep	40	2017	4.122
GSE101712	no	J Exp Med	11	2017	10.79
GSE101901	no	Nat Commun	38	2017	12.353
GSE101984	no	PLoS One	60	2017	2.766
GSE102048	no	Proc Natl Acad Sci U S A	63	2017	9.504
GSE102086	no	Dev Cell	24	2017	9.616
GSE102090	no	Mol Cell	51	2017	14.248
GSE102130	no	Science	169	2017	41.058
GSE102163	no	Genome Biol	36	2017	13.214
GSE102299	no	Nature	231	2017	41.577
GSE102332	no	Neuron	22	2017	14.318
GSE102443	no	Nat Commun	22	2017	12.353
GSE102456	no	EMBO J	23	2017	10.557
GSE102475	no	PLoS Biol	65	2017	9.163
GSE102479	no	Front Endocrinol (Lausanne)	10	2017	3.519
GSE102580	yes	Nature	332	2017	41.577
GSE102591	no	J Clin Invest	19	2017	13.251
GSE102596	no	J Am Soc Nephrol	75	2017	9.274
GSE102665	no	J Exp Med	47	2017	10.79
GSE102698	no	Cell Syst	76	2017	8.982
GSE102748	no	J Immunol	5	2017	4.539
GSE102827	yes	Nat Neurosci	187	2017	19.912
GSE102934	no	Genome Res	37	2017	10.101
GSE102935	no	Development	17	2017	5.413
GSE102962	no	Gut	72	2017	17.016
GSE102990	no	Nature	182	2017	41.577
GSE103011	no	Sci Rep	6	2017	4.122
GSE103185	no	Cell	102	2017	31.398
GSE103221	no	Mol Cell	30	2017	14.248
GSE103224	no	Genome Med	60	2017	8.898
GSE103239	no	Nat Cell Biol	51	2017	19.064
GSE103275	no	Nat Commun	75	2017	12.353
GSE103322	no	Cell	539	2017	31.398
GSE103334	no	Cell Rep	235	2017	8.032
GSE103354	yes	Nature	345	2017	41.577
GSE103461	no	J Biol Chem	23	2017	4.01
GSE103518	no	Nat Commun	23	2017	12.353
GSE103544	no	Immunity	112	2017	19.734
GSE103568	no	Nat Commun	60	2017	12.353
GSE103574	no	Cell	362	2017	31.398
GSE103577	no	Stem Cell Reports	9	2017	6.537
GSE103591	no	Hepatology	64	2017	14.079
GSE103618	no	Sci Immunol	26	2017	NA
GSE103633	no	Science	182	2017	41.058
GSE103692	no	PLoS Genet	8	2017	5.54
GSE103723	no	Cell Res	79	2017	15.393
GSE103753	no	Cell	69	2017	31.398
GSE103771	no	Cell	76	2017	31.398
GSE103772	yes	Cell	76	2017	31.398
GSE103789	no	Development	4	2017	5.413
GSE103840	no	Nat Neurosci	135	2017	19.912
GSE103892	no	Cell Rep	101	2017	8.032
GSE103920	no	Stem Cell Reports	30	2017	6.537
GSE103970	yes	Nature	76	2017	41.577
GSE103976	no	Neuron	124	2017	14.318
GSE104054	yes	Science	88	2017	41.058
GSE104154	yes	Cell Rep	146	2017	8.032
GSE104158	no	Nature	185	2017	41.577
GSE104276	no	Nature	231	2017	41.577
GSE104343	no	Elife	11	2017	7.616
GSE104379	no	Cancer Discov	32	2017	24.373
GSE104396	no	Dev Biol	59	2017	3.262
GSE104406	no	Cancer Discov	32	2017	24.373
GSE104490	no	Nat Med	55	2017	32.621
GSE104525	no	Nat Methods	390	2017	26.919
GSE104556	no	Sci Data	12	2017	5.305
GSE104701	no	Nat Commun	57	2017	12.353
GSE104782	yes	Ann Rheum Dis	52	2017	12.35
GSE104842	no	PLoS Biol	14	2017	9.163
GSE104869	no	Nat Commun	35	2017	12.353
GSE104899	no	Nat Neurosci	13	2017	19.912
GSE104985	no	Cancer Cell	53	2017	22.844
GSE104987	no	Cancer Cell	53	2017	22.844
GSE105010	yes	Nat Biotechnol	234	2017	35.724
GSE105054	no	Elife	28	2017	7.616
GSE105115	no	Curr Biol	80	2017	5.72
GSE105267	no	EMBO Rep	14	2017	8.749
GSE105454	no	Mol Cell	66	2017	14.248
GSE106118	no	Cell Rep	95	2017	8.032
GSE106121	no	Nat Biotechnol	192	2017	35.724
GSE106202	no	Oncotarget	7	2017	NA
GSE106218	no	Clin Cancer Res	8	2017	NA
GSE106219	no	Development	11	2017	5.413
GSE106236	no	Nature	134	2017	41.577
GSE106245	no	Cell	129	2017	31.398
GSE106251	no	Sci Adv	0	2017	11.511
GSE106268	no	Science	69	2017	41.058
GSE106269	no	Science	89	2017	41.058
GSE106273	yes	Nat Commun	108	2017	12.353
GSE106391	no	Nat Commun	46	2017	12.353
GSE106447	no	Cell Rep	87	2017	8.032
GSE106471	no	Nat Med	142	2017	32.621
GSE106472	no	Nat Med	143	2017	32.621
GSE106487	no	Cell Stem Cell	92	2017	23.29
GSE106510	no	Cell	116	2017	31.398
GSE106514	no	Cell Rep	25	2017	8.032
GSE106544	no	Sci Immunol	105	2017	NA
GSE106587	no	Science	268	2017	41.058
GSE106636	no	Nat Commun	23	2017	12.353
GSE106663	no	Cell	42	2017	31.398
GSE106676	no	Dev Cell	38	2017	9.616
GSE106678	no	Mol Cell	68	2017	14.248
GSE106708	no	Cell Rep	74	2017	8.032
GSE106872	no	Nat Genet	9	2017	27.125
GSE106882	no	Nat Commun	23	2017	12.353
GSE106888	no	Cell Stem Cell	20	2017	23.29
GSE106960	no	Proc Natl Acad Sci U S A	63	2017	9.504
GSE106973	no	Blood	57	2017	15.132
GSE107115	no	Cell Rep	25	2017	8.032
GSE107122	no	Cell Rep	81	2017	8.032
GSE107152	no	Sci Adv	2	2017	11.511
GSE107153	no	Sci Adv	2	2017	11.511
GSE107185	no	Cell Syst	9	2017	8.982
GSE107451	yes	Cell	229	2017	31.398
GSE107493	no	Life Sci Alliance	18	2017	NA
GSE107517	no	Cell Discov	5	2017	4.462
GSE107527	no	Genes Dev	17	2017	9.527
GSE107552	no	Genome Biol	38	2017	13.214
GSE107585	no	Science	322	2017	41.058
GSE107618	no	PLoS Biol	36	2017	9.163
GSE107632	no	Cell Rep	40	2017	8.032
GSE107644	yes	Cell Res	80	2017	15.393
GSE107646	no	Proc Natl Acad Sci U S A	21	2017	9.504
GSE107653	yes	PLoS Genet	4	2017	5.54
GSE107711	no	Development	7	2017	5.413
GSE107723	no	Genome Biol	8	2017	13.214
GSE107727	no	Blood	57	2017	15.132
GSE107740	no	Nat Commun	18	2017	12.353
GSE107747	no	Sci Rep	19	2017	4.122
GSE107761	no	EMBO J	25	2017	10.557
GSE107794	no	Nat Biotechnol	86	2017	35.724
GSE107864	no	Cell Rep	12	2017	8.032
GSE107873	no	Cell	82	2017	31.398
GSE107874	no	Cell	82	2017	31.398
GSE107909	no	Nature	173	2017	41.577
GSE107910	no	Immunity	67	2017	19.734
GSE107947	no	Cell Syst	78	2017	8.982
GSE108020	no	Am J Hum Genet	40	2017	8.855
GSE108041	no	Elife	110	2017	7.616
GSE108067	no	Cell	305	2017	31.398
GSE108097	no	Cell	301	2017	31.398
GSE108108	no	Mol Metab	40	2017	6.291
GSE108129	no	Genes Dev	15	2017	9.527
GSE108155	no	Cell Rep	18	2017	8.032
GSE108230	no	Elife	33	2017	7.616
GSE108233	no	Nature	76	2017	41.577
GSE108261	no	Genetics	3	2017	4.075
GSE108275	no	Genes Dev	12	2017	9.527
GSE108287	no	Sci Rep	30	2017	4.122
GSE108288	no	J Clin Invest	19	2017	13.251
GSE108291	no	Development	38	2017	5.413
GSE108313	no	Genome Biol	164	2017	13.214
GSE108359	no	Sci Transl Med	14	2017	16.71
GSE108397	no	Genome Res	25	2017	10.101
GSE108416	no	Nat Neurosci	134	2017	19.912
GSE108427	no	Nat Commun	46	2017	12.353
GSE108443	no	Genome Biol	15	2017	13.214
GSE108444	no	Genome Biol	15	2017	13.214
GSE108478	no	Immunity	55	2017	19.734
GSE108546	no	Cell Rep	41	2017	8.032
GSE108556	no	Nat Genet	24	2017	27.125
GSE108561	no	Nat Biotechnol	101	2017	35.724
GSE108578	no	Mol Cell Proteomics	6	2017	NA
GSE108677	no	Cell Stem Cell	8	2018	23.29
GSE108679	no	Cell	64	2018	31.398
GSE108699	yes	Nat Methods	68	2018	26.919
GSE108709	no	Cell Stem Cell	29	2018	23.29
GSE108761	no	Proc Natl Acad Sci U S A	34	2018	9.504
GSE108775	no	Neuron	54	2018	14.318
GSE108788	no	Neuron	54	2018	14.318
GSE108811	no	Science	61	2018	41.058
GSE108849	no	PLoS Comput Biol	18	2018	3.955
GSE108891	yes	Nature	187	2018	41.577
GSE108963	no	Circ Res	14	2018	15.211
GSE108970	no	Cell Rep	121	2018	8.032
GSE108974	no	Cell Rep	121	2018	8.032
GSE108977	no	Cell Rep	121	2018	8.032
GSE109033	no	Cell Rep	121	2018	8.032
GSE109037	no	Cell Rep	121	2018	8.032
GSE109049	no	Cell Rep	121	2018	8.032
GSE109071	no	Cell Rep	33	2018	8.032
GSE109085	no	Nat Commun	19	2018	12.353
GSE109100	no	Cell Stem Cell	19	2018	23.29
GSE109113	no	Mol Ther	14	2018	NA
GSE109205	no	Development	55	2018	5.413
GSE109247	no	Nat Genet	9	2018	27.125
GSE109262	no	Nat Commun	199	2018	12.353
GSE109281	no	Nat Cell Biol	34	2018	19.064
GSE109308	no	Gut	4	2018	17.016
GSE109324	no	Haematologica	4	2018	NA
GSE109444	no	Science	218	2018	41.058
GSE109447	no	Cell Rep	57	2018	8.032
GSE109449	yes	Nat Commun	143	2018	12.353
GSE109488	no	Cell Rep	47	2018	8.032
GSE109535	no	Nucleic Acids Res	16	2018	11.561
GSE109542	yes	Science	133	2018	41.058
GSE109555	no	Nature	50	2018	41.577
GSE109556	no	Cell Rep	6	2018	8.032
GSE109564	no	J Am Soc Nephrol	98	2018	9.274
GSE109706	no	Neurobiol Dis	15	2018	5.227
GSE109707	no	Nat Cell Biol	68	2018	19.064
GSE109718	no	Cell Stem Cell	122	2018	23.29
GSE109742	yes	Nat Immunol	131	2018	21.809
GSE109761	yes	Nature	232	2018	41.577
GSE109796	no	Science	105	2018	41.058
GSE109816	yes	Nat Cell Biol	56	2018	19.064
GSE109822	no	J Invest Dermatol	113	2018	6.448
GSE109881	no	Sci Rep	5	2018	4.122
GSE109984	no	Nat Commun	32	2018	12.353
GSE109989	no	Genome Biol	56	2018	13.214
GSE109990	no	Stem Cell Res	6	2018	1.829
GSE109999	no	PLoS Comput Biol	45	2018	3.955
GSE110010	no	Nature	50	2018	41.577
GSE110037	no	Cell Stem Cell	29	2018	23.29
GSE110116	no	Stem Cell Reports	16	2018	6.537
GSE110265	no	Protein Cell	6	2018	10.164
GSE110283	no	Proc Natl Acad Sci U S A	6	2018	9.504
GSE110351	no	Nat Cell Biol	68	2018	19.064
GSE110357	no	Nature	398	2018	41.577
GSE110371	no	J Biol Chem	15	2018	4.01
GSE110496	no	Elife	74	2018	7.616
GSE110499	no	Genome Res	65	2018	10.101
GSE110501	no	Cancer Res	53	2018	9.13
GSE110513	no	Nat Biotechnol	2845	2018	35.724
GSE110588	no	Curr Biol	9	2018	5.72
GSE110648	no	Cell Metab	47	2018	20.565
GSE110680	no	Nat Commun	9	2018	12.353
GSE110684	no	Sci Immunol	57	2018	NA
GSE110686	no	Nat Med	229	2018	32.621
GSE110746	no	Nature	140	2018	41.577
GSE110791	no	Stem Cells Dev	17	2018	NA
GSE110798	no	Antioxid Redox Signal	15	2018	NA
GSE110823	no	Science	382	2018	41.058
GSE110878	no	Mol Cell	77	2018	14.248
GSE110894	no	Nat Commun	34	2018	12.353
GSE110899	no	Nat Commun	34	2018	12.353
GSE110909	no	Nat Commun	4	2018	12.353
GSE110973	no	Blood Adv	19	2018	4.584
GSE111015	no	Nat Commun	15	2018	12.353
GSE111027	no	Nat Commun	32	2018	12.353
GSE111065	no	Cell	203	2018	31.398
GSE111068	yes	Nat Ecol Evol	93	2018	NA
GSE111107	no	J Am Soc Nephrol	60	2018	9.274
GSE111113	no	Cell Rep	50	2018	8.032
GSE111229	no	Nat Commun	131	2018	12.353
GSE111301	no	Cell	137	2018	31.398
GSE111360	yes	Cell	248	2018	31.398
GSE111404	no	Nat Commun	48	2018	12.353
GSE111429	no	Nat Commun	8	2018	12.353
GSE111462	no	Nucleic Acids Res	9	2018	11.561
GSE111527	no	Cell Rep	60	2018	8.032
GSE111543	no	Nat Commun	7	2018	12.353
GSE111545	no	Nat Commun	7	2018	12.353
GSE111598	no	Cell Stem Cell	44	2018	23.29
GSE111599	no	Stem Cell Reports	12	2018	6.537
GSE111664	no	Nat Immunol	314	2018	21.809
GSE111672	no	Nat Biotechnol	59	2018	35.724
GSE111704	no	Proc Natl Acad Sci U S A	13	2018	9.504
GSE111717	no	Elife	29	2018	7.616
GSE111727	no	Cell Rep	38	2018	8.032
GSE111764	yes	Science	150	2018	41.058
GSE111822	no	Stem Cells Transl Med	7	2018	4.929
GSE111831	no	Nat Biomed Eng	29	2018	NA
GSE111839	no	Elife	65	2018	7.616
GSE111860	yes	Blood Adv	10	2018	4.584
GSE111898	yes	J Exp Med	39	2018	10.79
GSE111912	no	Mol Cell	90	2018	14.248
GSE111976	yes	Nat Med	9	2018	32.621
GSE112004	no	Elife	15	2018	7.616
GSE112008	no	Nat Commun	1	2018	12.353
GSE112033	no	JCI Insight	24	2018	6.205
GSE112177	no	Front Cell Neurosci	15	2018	4.3
GSE112205	no	Cell	44	2018	31.398
GSE112271	no	Nat Commun	34	2018	12.353
GSE112294	no	Science	300	2018	41.058
GSE112380	no	Nat Commun	29	2018	12.353
GSE112381	no	Nature	50	2018	41.577
GSE112393	no	Dev Cell	101	2018	9.616
GSE112417	no	Circulation	10	2018	18.88
GSE112438	no	Cell	13	2018	31.398
GSE112507	no	Stem Cells	17	2018	5.587
GSE112642	no	Nat Commun	45	2018	12.353
GSE112671	no	Nat Commun	46	2018	12.353
GSE112692	no	Cell Rep	19	2018	8.032
GSE112711	no	Cell Host Microbe	116	2018	NA
GSE112732	no	Cell Rep	62	2018	8.032
GSE112794	no	Proc Natl Acad Sci U S A	22	2018	9.504
GSE112837	no	Elife	17	2018	7.616
GSE112845	no	J Transl Med	31	2018	4.197
GSE112846	no	Cell	166	2018	31.398
GSE112865	no	Theranostics	39	2018	8.537
GSE112880	no	Nat Commun	32	2018	12.353
GSE112903	yes	Immunity	127	2018	19.734
GSE112982	no	Sci Immunol	21	2018	NA
GSE113014	no	Cell Rep	1	2018	8.032
GSE113036	no	Nat Neurosci	31	2018	19.912
GSE113043	no	Nature	101	2018	41.577
GSE113046	no	Sci Immunol	22	2018	NA
GSE113049	yes	JCI Insight	32	2018	6.205
GSE113069	yes	Elife	30	2018	7.616
GSE113074	yes	Science	212	2018	41.058
GSE113111	no	JCI Insight	13	2018	6.205
GSE113164	no	BMC Genomics	8	2018	3.73
GSE113168	no	Stem Cell Reports	16	2018	6.537
GSE113197	no	Nat Commun	81	2018	12.353
GSE113208	no	Nature	127	2018	41.577
GSE113221	no	Nature	127	2018	41.577
GSE113262	no	Nature	127	2018	41.577
GSE113280	no	Nature	127	2018	41.577
GSE113293	no	Elife	26	2018	7.616
GSE113307	no	J Immunother Cancer	3	2018	8.374
GSE113320	no	Nat Commun	9	2018	12.353
GSE113336	no	Mol Syst Biol	10	2018	8.5
GSE113418	no	Genome Res	3	2018	10.101
GSE113466	no	Sci Rep	23	2018	4.122
GSE113502	no	Nat Commun	8	2018	12.353
GSE113530	no	Nat Methods	36	2018	26.919
GSE113536	no	Cell Stem Cell	80	2018	23.29
GSE113560	no	Proc Natl Acad Sci U S A	83	2018	9.504
GSE113561	yes	Cell	69	2018	31.398
GSE113576	no	Science	238	2018	41.058
GSE113605	no	Nat Commun	90	2018	12.353
GSE113616	no	Cell	106	2018	31.398
GSE113660	no	Genome Biol	33	2018	13.214
GSE113675	no	Nat Methods	37	2018	26.919
GSE113689	no	Nature	127	2018	41.577
GSE113788	no	Sci Adv	0	2018	11.511
GSE113807	no	Nature	127	2018	41.577
GSE113811	no	Nature	127	2018	41.577
GSE113854	no	Nat Commun	90	2018	12.353
GSE113901	no	Nat Neurosci	44	2018	19.912
GSE113917	no	Protein Cell	3	2018	10.164
GSE113931	no	Science	133	2018	41.058
GSE113973	no	Nat Med	109	2018	32.621
GSE113985	no	Nat Genet	19	2018	27.125
GSE114000	yes	Nat Commun	62	2018	12.353
GSE114044	no	PLoS Biol	22	2018	9.163
GSE114071	no	Nat Commun	39	2018	12.353
GSE114156	no	J Am Soc Nephrol	98	2018	9.274
GSE114157	no	Cell Rep	28	2018	8.032
GSE114161	no	Nat Commun	42	2018	12.353
GSE114186	no	Nature	31	2018	41.577
GSE114220	no	Stem Cell Res	12	2018	1.829
GSE114239	no	Cell Rep	0	2018	8.032
GSE114278	no	Sci Rep	15	2018	4.122
GSE114279	no	Sci Rep	15	2018	4.122
GSE114297	no	Diabetes	43	2018	7.273
GSE114312	no	Nat Immunol	92	2018	21.809
GSE114313	no	Nat Immunol	92	2018	21.809
GSE114314	no	Nat Immunol	92	2018	21.809
GSE114374	no	Cell	121	2018	31.398
GSE114396	no	Nat Immunol	37	2018	21.809
GSE114397	yes	Cell	390	2018	31.398
GSE114412	yes	Nature	112	2018	41.577
GSE114446	no	Br J Cancer	4	2018	5.922
GSE114459	no	Nature	276	2018	41.577
GSE114460	no	Nature	276	2018	41.577
GSE114461	no	Nature	276	2018	41.577
GSE114530	no	PLoS Biol	33	2018	9.163
GSE114569	yes	iScience	3	2018	4.447
GSE114615	no	Cell Rep	10	2018	8.032
GSE114670	no	Nat Commun	7	2018	12.353
GSE114687	yes	Nat Genet	38	2018	27.125
GSE114704	no	Mol Cancer Ther	5	2018	5.365
GSE114713	no	Front Immunol	5	2018	5.511
GSE114727	yes	Cell	440	2018	31.398
GSE114748	no	BMC Biol	13	2018	5.77
GSE114759	yes	Cell	81	2018	31.398
GSE114802	no	Nat Methods	74	2018	26.919
GSE114822	no	Cell Res	25	2018	15.393
GSE114895	yes	Nature	74	2018	41.577
GSE114961	no	Nat Commun	22	2018	12.353
GSE114986	no	Elife	3	2018	7.616
GSE114988	no	Nat Cell Biol	75	2018	19.064
GSE114997	no	Cell	101	2018	31.398
GSE115006	no	Nat Commun	46	2018	12.353
GSE115007	no	Nat Commun	46	2018	12.353
GSE115008	no	Aging (Albany NY)	1	2018	NA
GSE115011	no	Nat Neurosci	88	2018	19.912
GSE115030	yes	Immunity	31	2018	19.734
GSE115032	no	J Transl Med	1	2018	4.197
GSE115033	no	J Transl Med	1	2018	4.197
GSE115070	yes	eNeuro	15	2018	32.635
GSE115097	no	Nat Commun	21	2018	12.353
GSE115149	no	Leukemia	10	2018	10.023
GSE115189	no	F1000Res	16	2018	NA
GSE115218	no	Cell	109	2018	31.398
GSE115235	no	Proc Natl Acad Sci U S A	0	2018	9.504
GSE115242	no	Nat Commun	25	2018	12.353
GSE115251	no	Nature	26	2018	41.577
GSE115257	no	Elife	42	2018	7.616
GSE115280	no	Genome Biol	15	2018	13.214
GSE115301	yes	Cell Rep	18	2018	8.032
GSE115331	no	Nature	40	2018	41.577
GSE115346	no	Elife	10	2018	7.616
GSE115350	no	Elife	10	2018	7.616
GSE115389	no	Nat Commun	78	2018	12.353
GSE115397	no	Acta Neuropathol Commun	32	2018	5.414
GSE115404	no	Nat Commun	133	2018	12.353
GSE115405	no	Cell Rep	41	2018	8.032
GSE115424	no	Dev Cell	6	2018	9.616
GSE115427	no	Cell	50	2018	31.398
GSE115469	no	Nat Commun	256	2018	12.353
GSE115476	no	Nat Commun	14	2018	12.353
GSE115501	no	Cancers (Basel)	4	2018	5.326
GSE115571	no	EMBO Rep	48	2018	8.749
GSE115600	no	Cell	79	2018	31.398
GSE115612	no	Nature	46	2018	41.577
GSE115622	no	Cell	79	2018	31.398
GSE115640	no	PLoS One	4	2018	2.766
GSE115723	no	PLoS One	12	2018	2.766
GSE115730	no	Nat Commun	19	2018	12.353
GSE115746	yes	Nature	438	2018	41.577
GSE115765	no	EMBO J	6	2018	10.557
GSE115795	no	Nat Immunol	39	2018	21.809
GSE115798	no	Nat Commun	27	2018	12.353
GSE115803	no	Sci Adv	19	2018	11.511
GSE115859	no	Cell Rep	42	2018	8.032
GSE115861	no	Sci Rep	14	2018	4.122
GSE115865	no	Mol Neurodegener	14	2018	6.426
GSE115869	no	Sci Signal	2	2018	6.378
GSE115884	no	Dev Cell	13	2018	9.616
GSE115900	no	Elife	14	2018	7.616
GSE115903	no	Blood	6	2018	15.132
GSE115908	no	Nature	35	2018	41.577
GSE115926	no	iScience	2	2018	4.447
GSE115931	no	EMBO J	12	2018	10.557
GSE115934	no	Biol Open	23	2018	2.217
GSE115936	no	Sci Rep	14	2018	4.122
GSE115937	no	Sci Rep	14	2018	4.122
GSE115950	no	Nat Commun	23	2018	12.353
GSE115953	no	Nat Metab	0	2018	NA
GSE115955	no	Nature	97	2018	41.577
GSE115956	no	Nature	97	2018	41.577
GSE115968	no	Proc Natl Acad Sci U S A	54	2018	9.504
GSE115978	yes	Cell	274	2018	31.398
GSE115982	no	JCI Insight	15	2018	6.205
GSE115986	no	JCI Insight	25	2018	6.205
GSE115997	no	Protein Cell	0	2018	10.164
GSE116001	no	Elife	12	2018	7.616
GSE116011	no	Genome Biol	16	2018	13.214
GSE116031	no	Nat Commun	13	2018	12.353
GSE116106	no	Dev Cell	15	2018	9.616
GSE116113	no	Cell Res	39	2018	15.393
GSE116138	no	Nat Commun	62	2018	12.353
GSE116165	no	Cell Syst	32	2018	8.982
GSE116180	no	Cancer Commun (Lond)	6	2018	NA
GSE116222	no	Nature	97	2018	41.577
GSE116237	no	Cell	166	2018	31.398
GSE116240	no	Circ Res	83	2018	15.211
GSE116254	no	Cancer Discov	32	2018	24.373
GSE116256	no	Cell	170	2018	31.398
GSE116341	no	Exp Cell Res	13	2018	3.309
GSE116390	yes	Oncoimmunology	5	2018	5.503
GSE116426	no	Cell Rep	15	2018	8.032
GSE116470	yes	Cell	429	2018	31.398
GSE116481	yes	Nat Med	165	2018	32.621
GSE116482	no	Nat Genet	7	2018	27.125
GSE116500	no	J Clin Invest	14	2018	13.251
GSE116514	no	Nat Commun	9	2018	12.353
GSE116530	no	Nat Cell Biol	6	2018	19.064
GSE116555	yes	Circ Res	43	2018	15.211
GSE116672	no	Proc Natl Acad Sci U S A	51	2018	9.504
GSE116683	no	Nucleic Acids Res	4	2018	11.561
GSE116708	no	PLoS Biol	32	2018	9.163
GSE116718	no	Cell Stem Cell	54	2018	23.29
GSE116753	no	Cell Rep	10	2018	8.032
GSE116920	no	Elife	9	2018	7.616
GSE116946	no	J Immunother Cancer	3	2018	8.374
GSE116947	no	J Immunother Cancer	3	2018	8.374
GSE117055	no	Nat Commun	62	2018	12.353
GSE117078	no	Immunity	68	2018	19.734
GSE117079	no	Immunity	68	2018	19.734
GSE117089	yes	Science	235	2018	41.058
GSE117129	no	Cell Rep	51	2018	8.032
GSE117131	yes	Cell Rep	51	2018	8.032
GSE117149	no	Nat Immunol	21	2018	21.809
GSE117154	no	Cell	8	2018	31.398
GSE117156	yes	Nat Med	64	2018	32.621
GSE117176	no	JCI Insight	18	2018	6.205
GSE117211	no	Development	20	2018	5.413
GSE117216	no	Cell Rep	56	2018	8.032
GSE117219	no	Genome Res	8	2018	10.101
GSE117233	no	Dev Cell	6	2018	9.616
GSE117271	no	Cell Rep	56	2018	8.032
GSE117309	no	Nat Genet	105	2018	27.125
GSE117382	no	Nat Commun	2	2018	12.353
GSE117394	no	Stem Cell Reports	6	2018	6.537
GSE117397	no	JCI Insight	34	2018	6.205
GSE117403	no	Cell Rep	56	2018	8.032
GSE117410	no	Mol Cancer Res	3	2018	NA
GSE117437	no	Development	15	2018	5.413
GSE117449	no	Cell Mol Immunol	5	2018	NA
GSE117470	no	Nat Immunol	118	2018	21.809
GSE117498	no	Nat Commun	61	2018	12.353
GSE117512	no	Mol Cell	7	2018	14.248
GSE117542	no	Nature	91	2018	41.577
GSE117567	no	Nat Immunol	118	2018	21.809
GSE117570	no	Cancer Med	17	2018	3.202
GSE117599	no	Cancer Res	8	2018	9.13
GSE117615	no	PLoS Biol	22	2018	9.163
GSE117708	no	Nat Commun	4	2018	12.353
GSE117715	no	Nat Commun	14	2018	12.353
GSE117770	no	Cell Metab	64	2018	20.565
GSE117795	no	Cell Rep	9	2018	8.032
GSE117826	no	Nature	53	2018	41.577
GSE117837	no	Cell Death Dis	16	2018	NA
GSE117872	no	Nat Commun	38	2018	12.353
GSE117893	no	Development	16	2018	5.413
GSE117895	no	J Exp Med	6	2018	10.79
GSE117963	no	Nat Commun	49	2018	12.353
GSE117988	no	Nat Commun	79	2018	12.353
GSE117997	no	EMBO Rep	14	2018	8.749
GSE118055	no	Cancer Res	4	2018	9.13
GSE118056	no	Nat Commun	79	2018	12.353
GSE118068	no	Nature	95	2018	41.577
GSE118122	no	Dev Cell	11	2018	9.616
GSE118127	no	Nat Commun	22	2018	12.353
GSE118137	no	Proc Natl Acad Sci U S A	10	2018	9.504
GSE118180	no	Sci Rep	12	2018	4.122
GSE118184	no	Cell Stem Cell	151	2018	23.29
GSE118194	no	Sci Adv	2	2018	11.511
GSE118234	no	Stem Cell Reports	1	2018	6.537
GSE118237	yes	Nat Commun	24	2018	12.353
GSE118252	no	Immunity	33	2018	19.734
GSE118257	yes	Nature	151	2018	41.577
GSE118258	yes	Sci Adv	0	2018	11.511
GSE118292	no	J Exp Med	2	2018	10.79
GSE118322	yes	J Exp Med	11	2018	10.79
GSE118390	no	Nat Commun	97	2018	12.353
GSE118404	no	Nat Neurosci	36	2018	19.912
GSE118410	no	Proc Natl Acad Sci U S A	7	2018	9.504
GSE118412	no	Nat Commun	8	2018	12.353
GSE118436	no	Nature	187	2018	41.577
GSE118486	no	Elife	14	2018	7.616
GSE118487	no	Nat Commun	1	2018	12.353
GSE118545	no	Genes Dev	40	2018	9.527
GSE118546	yes	Cell	123	2018	31.398
GSE118555	no	Elife	31	2018	7.616
GSE118577	no	Cell Rep	26	2018	8.032
GSE118599	no	PLoS Biol	13	2018	9.163
GSE118614	no	Neuron	95	2018	14.318
GSE118723	yes	PLoS Genet	20	2018	5.54
GSE118726	no	Genes Dev	2	2018	9.527
GSE118733	no	Stem Cell Reports	52	2018	6.537
GSE118734	no	Stem Cell Reports	52	2018	6.537
GSE118767	yes	PLoS Comput Biol	45	2018	3.955
GSE118768	no	Elife	3	2018	7.616
GSE118773	no	mBio	7	2018	6.689
GSE118814	no	Cell Mol Gastroenterol Hepatol	2	2018	NA
GSE118828	yes	PLoS One	19	2018	2.766
GSE118852	no	Cell	123	2018	31.398
GSE118891	no	Nat Genet	74	2018	27.125
GSE118900	no	Blood Cancer J	23	2018	8.125
GSE118904	no	J Clin Invest	18	2018	13.251
GSE118918	no	Cell Rep	35	2018	8.032
GSE118931	no	J Clin Invest	17	2018	13.251
GSE118932	no	Sci Rep	2	2018	4.122
GSE118948	no	Science	175	2018	41.058
GSE118953	no	Science	82	2018	41.058
GSE119139	no	Nat Biotechnol	22	2018	35.724
GSE119212	no	Nature	22	2018	41.577
GSE119228	yes	Cell	138	2018	31.398
GSE119271	no	Lab Chip	6	2018	5.995
GSE119323	no	Nat Commun	8	2018	12.353
GSE119324	no	Nat Commun	8	2018	12.353
GSE119352	yes	Cell	79	2018	31.398
GSE119355	no	Nat Immunol	166	2018	21.809
GSE119428	yes	Nucleic Acids Res	4	2018	11.561
GSE119450	no	Cell	112	2018	31.398
GSE119455	no	Cell Rep	12	2018	8.032
GSE119484	no	Stem Cell Reports	3	2018	6.537
GSE119506	no	J Exp Med	20	2018	10.79
GSE119507	no	J Exp Med	20	2018	10.79
GSE119531	yes	J Am Soc Nephrol	116	2018	9.274
GSE119561	no	EMBO Rep	17	2018	8.749
GSE119562	no	Immunity	115	2018	19.734
GSE119594	no	Cell Stem Cell	73	2018	23.29
GSE119630	no	PLoS One	7	2018	2.766
GSE119750	yes	Nat Commun	13	2018	12.353
GSE119766	no	Cell Rep	31	2018	8.032
GSE119807	no	Protein Cell	10	2018	10.164
GSE119861	no	Mol Psychiatry	9	2018	11.64
GSE119888	no	Nat Microbiol	13	2018	14.174
GSE119893	no	Stem Cells	32	2018	5.587
GSE119926	no	Nature	82	2018	41.577
GSE119943	no	Nat Immunol	118	2018	21.809
GSE119945	yes	Nature	430	2018	41.577
GSE119969	no	Cell Stem Cell	93	2018	23.29
GSE119988	no	iScience	12	2018	4.447
GSE120000	no	JCI Insight	47	2018	6.205
GSE120035	no	Genes Dev	14	2018	9.527
GSE120046	yes	Sci Adv	4	2018	11.511
GSE120061	no	Cell Rep	12	2018	8.032
GSE120064	no	Circulation	13	2018	18.88
GSE120067	no	Cell	68	2018	31.398
GSE120108	no	Proc Natl Acad Sci U S A	27	2018	9.504
GSE120145	no	Stem Cell Reports	20	2018	6.537
GSE120155	no	Mol Syst Biol	0	2018	8.5
GSE120156	no	Mol Syst Biol	0	2018	8.5
GSE120190	no	Mol Psychiatry	3	2018	11.64
GSE120199	no	Neuron	7	2018	14.318
GSE120239	no	J Exp Med	27	2018	10.79
GSE120261	no	Sci Rep	11	2018	4.122
GSE120269	no	Mol Cell	43	2018	14.248
GSE120365	no	Nature	9	2018	41.577
GSE120372	no	Elife	10	2018	7.616
GSE120386	no	Nat Commun	6	2018	12.353
GSE120404	no	Nature	9	2018	41.577
GSE120406	no	Nature	9	2018	41.577
GSE120407	no	Nature	9	2018	41.577
GSE120408	no	Nature	9	2018	41.577
GSE120410	no	Endocrinology	34	2018	3.961
GSE120446	no	JCI Insight	30	2018	6.205
GSE120462	no	Nature	25	2018	41.577
GSE120467	no	Sci Rep	15	2018	4.122
GSE120503	no	Cell Rep	8	2018	8.032
GSE120508	no	Cell Res	128	2018	15.393
GSE120515	no	Nature	43	2018	41.577
GSE120522	no	Stem Cell Reports	28	2018	6.537
GSE120537	yes	Proc Natl Acad Sci U S A	29	2018	9.504
GSE120575	no	Cell	355	2018	31.398
GSE120628	no	Nat Cell Biol	15	2018	19.064
GSE120629	no	Nature	252	2018	41.577
GSE120654	no	Cell Stem Cell	20	2018	23.29
GSE120678	no	Cell Stem Cell	58	2018	23.29
GSE120744	no	Nature	252	2018	41.577
GSE120745	no	Nature	252	2018	41.577
GSE120839	yes	J Virol	31	2018	5.644
GSE120861	yes	Cell	119	2018	31.398
GSE120909	no	Sci Immunol	49	2018	NA
GSE120960	no	Transl Psychiatry	8	2018	4.691
GSE120974	no	Cancer Cell	17	2018	22.844
GSE120976	no	Development	28	2018	5.413
GSE121001	no	Cell Rep	17	2018	8.032
GSE121002	no	Immunity	23	2018	19.734
GSE121026	no	Nature	43	2018	41.577
GSE121034	no	J Exp Med	12	2018	10.79
GSE121039	yes	Science	27	2018	41.058
GSE121047	no	Elife	1	2018	7.616
GSE121081	no	Sci Rep	26	2018	4.122
GSE121083	no	Neuron	66	2018	14.318
GSE121107	no	Nat Commun	27	2018	12.353
GSE121265	no	Genome Res	7	2018	10.101
GSE121267	no	Nat Commun	25	2018	12.353
GSE121284	no	Nat Commun	25	2018	12.353
GSE121287	no	Nat Commun	25	2018	12.353
GSE121292	no	J Clin Invest	24	2018	13.251
GSE121320	no	Bone	2	2018	4.455
GSE121364	no	Nat Commun	41	2018	12.353
GSE121371	no	Cell Res	6	2018	15.393
GSE121380	no	Cell	34	2018	31.398
GSE121386	no	Nat Commun	25	2018	12.353
GSE121416	no	Cell	37	2018	31.398
GSE121429	no	Cell Stem Cell	23	2018	23.29
GSE121451	no	Nat Cell Biol	22	2018	19.064
GSE121457	yes	Nat Cell Biol	22	2018	19.064
GSE121469	no	Proc Natl Acad Sci U S A	12	2018	9.504
GSE121478	no	JCI Insight	5	2018	6.205
GSE121521	no	Nat Microbiol	8	2018	14.174
GSE121527	no	Dev Cell	25	2018	9.616
GSE121560	no	Cancer Discov	32	2018	24.373
GSE121568	no	Cell Rep	13	2018	8.032
GSE121579	no	Stem Cell Reports	5	2018	6.537
GSE121598	no	Nature	59	2018	41.577
GSE121611	no	Am J Respir Crit Care Med	272	2018	15.239
GSE121617	no	Science	64	2018	41.058
GSE121619	yes	Plant Cell	66	2018	8.228
GSE121638	yes	Commun Biol	0	2018	NA
GSE121653	no	Cell Rep	15	2018	8.032
GSE121654	no	Immunity	351	2018	19.734
GSE121655	no	Genome Biol	20	2018	13.214
GSE121671	no	Nat Commun	8	2018	12.353
GSE121705	no	J Clin Invest	24	2018	13.251
GSE121707	no	Cell Rep	24	2018	8.032
GSE121708	no	Nature	65	2018	41.577
GSE121717	no	Nat Commun	1	2018	12.353
GSE121720	no	Nat Commun	1	2018	12.353
GSE121737	no	Nat Commun	42	2018	12.353
GSE121750	no	Dev Cell	6	2018	9.616
GSE121807	no	Dev Biol	8	2018	3.262
GSE121861	no	Cell Rep	114	2018	8.032
GSE121891	yes	Cell Rep	32	2018	8.032
GSE121893	no	Nat Cell Biol	56	2018	19.064
GSE121904	no	PLoS Genet	28	2018	5.54
GSE121940	no	Nat Commun	4	2018	12.353
GSE121957	yes	PLoS Genet	5	2018	5.54
GSE122009	yes	Cell Stem Cell	1	2018	23.29
GSE122012	no	Development	8	2018	5.413
GSE122026	no	Dev Cell	30	2018	9.616
GSE122041	no	Biophys J	15	2018	3.495
GSE122057	no	Commun Biol	10	2018	NA
GSE122084	no	Nat Commun	18	2018	12.353
GSE122187	no	Nature	91	2018	41.577
GSE122208	no	PLoS One	1	2018	2.766
GSE122233	no	Proc Natl Acad Sci U S A	20	2018	9.504
GSE122332	no	Nat Commun	59	2018	12.353
GSE122336	no	Nat Commun	19	2018	12.353
GSE122342	no	Cell Stem Cell	83	2018	23.29
GSE122357	no	J Mol Cell Biol	8	2018	5.595
GSE122392	no	Nat Microbiol	18	2018	14.174
GSE122393	no	Nat Commun	2	2018	12.353
GSE122460	yes	Sci Adv	0	2018	11.511
GSE122529	no	Nat Commun	2	2018	12.353
GSE122662	no	Cell	100	2018	31.398
GSE122666	no	Cell Rep	21	2018	8.032
GSE122687	no	Cell Rep	68	2018	8.032
GSE122706	no	Nat Commun	5	2018	12.353
GSE122713	no	Nat Immunol	256	2018	21.809
GSE122730	no	JCI Insight	3	2018	6.205
GSE122740	no	Mucosal Immunol	2	2018	7.36
GSE122743	no	Nat Commun	25	2018	12.353
GSE122762	no	J Exp Med	13	2018	10.79
GSE122783	no	Stem Cell Reports	10	2018	6.537
GSE122792	no	Exp Hematol	5	2018	2.436
GSE122795	no	JCI Insight	2	2018	6.205
GSE122817	no	Cell	13	2018	31.398
GSE122827	no	Development	7	2018	5.413
GSE122843	no	Nat Commun	34	2018	12.353
GSE122846	no	Nat Immunol	50	2018	21.809
GSE122871	no	Cell Stem Cell	37	2018	23.29
GSE122873	no	Hum Mol Genet	20	2018	4.902
GSE122900	no	J Am Soc Nephrol	4	2018	9.274
GSE122930	no	Circulation	37	2018	18.88
GSE122960	no	Am J Respir Crit Care Med	272	2018	15.239
GSE122969	no	Immunity	143	2018	19.734
GSE122970	no	Dev Cell	15	2018	9.616
GSE123013	no	Plant Physiol	95	2018	5.949
GSE123028	no	Proc Natl Acad Sci U S A	28	2018	9.504
GSE123030	no	Neuron	196	2018	14.318
GSE123067	no	Nat Immunol	53	2018	21.809
GSE123070	no	Nat Commun	48	2018	12.353
GSE123078	no	Nature	187	2018	41.577
GSE123103	no	Development	17	2018	5.413
GSE123119	no	Endocrinology	8	2018	3.961
GSE123135	no	Nature	84	2018	41.577
GSE123139	no	Cell	207	2018	31.398
GSE123164	no	Plant J	4	2018	NA
GSE123179	no	PLoS One	3	2018	2.766
GSE123187	no	Nature	41	2018	41.577
GSE123241	no	Elife	39	2018	7.616
GSE123335	yes	Nat Commun	54	2018	12.353
GSE123359	no	Prostate	12	2018	3.347
GSE123366	no	Elife	6	2018	7.616
GSE123392	yes	Nat Protoc	45	2018	12.423
GSE123400	no	Cell Rep	21	2018	8.032
GSE123454	no	PLoS One	131	2018	2.766
GSE123476	no	Gynecol Oncol	42	2018	4.54
GSE123508	no	Cell	47	2018	31.398
GSE123516	no	Nature	95	2018	41.577
GSE123534	no	Immunity	13	2018	19.734
GSE123547	no	Nat Commun	5	2018	12.353
GSE123585	no	Nat Biotechnol	26	2018	35.724
GSE123586	no	Nat Biotechnol	26	2018	35.724
GSE123587	no	JCI Insight	54	2018	6.205
GSE123595	no	Proc Natl Acad Sci U S A	12	2018	9.504
GSE123778	no	Curr Biol	8	2018	5.72
GSE123782	no	Nat Commun	29	2018	12.353
GSE123812	no	Nat Med	233	2018	32.621
GSE123813	yes	Nat Med	233	2018	32.621
GSE123818	no	Dev Cell	85	2018	9.616
GSE123824	no	Cell Syst	3	2018	8.982
GSE123837	no	Nat Cell Biol	20	2018	19.064
GSE123838	no	Cell Discov	4	2018	4.462
GSE123844	no	Nature	74	2018	41.577
GSE123904	yes	Nat Med	57	2018	32.621
GSE123926	no	Nat Commun	28	2018	12.353
GSE123941	no	Elife	9	2018	7.616
GSE124031	no	Nat Med	59	2018	32.621
GSE124061	no	Cell	21	2018	31.398
GSE124162	no	PLoS Biol	13	2018	9.163
GSE124172	no	Nat Cell Biol	6	2018	19.064
GSE124174	no	Nat Neurosci	123	2018	19.912
GSE124258	no	Respir Res	8	2018	3.751
GSE124263	no	Cell Rep	71	2018	8.032
GSE124299	yes	Cell	130	2018	31.398
GSE124310	no	Nat Cancer	23	2018	NA
GSE124312	yes	Cell Rep	60	2018	8.032
GSE124323	yes	Dev Cell	23	2018	9.616
GSE124324	no	Dev Cell	23	2018	9.616
GSE124334	no	Front Microbiol	8	2018	4.019
GSE124335	no	Nature	252	2018	41.577
GSE124395	yes	Nature	194	2018	41.577
GSE124425	no	Nat Commun	11	2018	12.353
GSE124437	no	Leukemia	9	2018	10.023
GSE124454	no	Biochem Biophys Res Commun	10	2018	2.559
GSE124472	no	Dev Cell	12	2018	9.616
GSE124477	no	EMBO J	8	2018	10.557
GSE124488	no	Nat Commun	1	2018	12.353
GSE124494	no	Immunity	29	2018	19.734
GSE76483	no	Genome Biol	121	2016	13.214
GSE76579	no	J Physiol	48	2016	14.327
GSE76606	no	Nat Immunol	73	2016	21.809
GSE76871	yes	PLoS One	28	2016	2.766
GSE76879	no	Cell Stem Cell	19	2016	23.29
GSE76881	no	Nat Commun	27	2016	12.353
GSE77029	no	Nat Immunol	124	2016	21.809
GSE77067	no	Nat Commun	175	2016	12.353
GSE77107	no	Cell Rep	173	2016	8.032
GSE77288	no	Sci Rep	161	2016	4.122
GSE77308	no	Stem Cell Reports	18	2016	6.537
GSE77564	no	Protein Cell	15	2016	10.164
GSE77736	no	J Exp Med	33	2016	10.79
GSE77740	no	J Exp Med	33	2016	10.79
GSE77846	no	Cancer Discov	43	2016	24.373
GSE77847	no	Cancer Discov	43	2016	24.373
GSE77882	no	Nat Cell Biol	82	2016	19.064
GSE77944	no	Dev Cell	53	2016	9.616
GSE77980	no	Proc Natl Acad Sci U S A	89	2016	9.504
GSE78045	no	Cell Rep	31	2016	8.032
GSE78140	no	Cell Res	120	2016	15.393
GSE78510	no	Physiol Genomics	18	2016	2.782
GSE78521	no	Elife	32	2016	7.616
GSE78779	no	Genome Biol	450	2016	13.214
GSE78845	no	Nat Neurosci	51	2016	19.912
GSE78924	no	Cell Rep	21	2016	8.032
GSE78954	no	Sci Rep	8	2016	4.122
GSE78968	no	Nat Methods	71	2016	26.919
GSE79102	no	Nat Methods	584	2016	26.919
GSE79108	no	Nature	128	2016	41.577
GSE79136	no	Nucleic Acids Res	19	2016	11.561
GSE79137	no	Dev Cell	28	2016	9.616
GSE79161	no	Dev Cell	25	2016	9.616
GSE79280	no	Nat Commun	16	2016	12.353
GSE79283	no	Dev Cell	25	2016	9.616
GSE79363	no	Nat Microbiol	73	2016	14.174
GSE79380	no	Sci Rep	3	2016	4.122
GSE79435	no	Nat Commun	23	2016	12.353
GSE79457	no	Cell Metab	93	2016	20.565
GSE79510	no	J Neuroinflammation	63	2016	5.193
GSE79578	no	Nat Commun	75	2016	12.353
GSE79651	no	Genome Res	40	2016	10.101
GSE79812	no	Science	467	2016	41.058
GSE79818	no	Science	467	2016	41.058
GSE79866	no	Genome Biol	42	2016	13.214
GSE79920	yes	Nucleic Acids Res	19	2016	11.561
GSE80032	no	Dev Cell	38	2016	9.616
GSE80168	no	Nat Commun	20	2016	12.353
GSE80212	no	Genome Biol	15	2016	13.214
GSE80280	no	Nature	400	2016	41.577
GSE80297	no	Nat Methods	213	2016	26.919
GSE80551	no	BMC Genomics	14	2016	3.73
GSE80810	no	Nat Struct Mol Biol	64	2016	11.98
GSE81076	no	Cell Stem Cell	271	2016	23.29
GSE81197	no	PLoS Pathog	15	2016	6.158
GSE81233	no	Nat Genet	102	2016	27.125
GSE81252	no	Elife	101	2016	7.616
GSE81275	no	Cell Stem Cell	44	2016	23.29
GSE81335	no	Dev Cell	33	2016	9.616
GSE81383	no	Oncotarget	40	2016	NA
GSE81412	no	Mol Cell	125	2016	14.248
GSE81444	no	Cell Syst	11	2016	8.982
GSE81475	no	Cell Rep	163	2016	8.032
GSE81505	no	Blood	27	2016	15.132
GSE81547	no	Cell	194	2016	31.398
GSE81585	no	Nat Commun	55	2016	12.353
GSE81608	no	Cell Metab	234	2016	20.565
GSE81673	no	Cell Rep	59	2016	8.032
GSE81682	no	Blood	270	2016	15.132
GSE81730	no	Proc Natl Acad Sci U S A	2	2016	9.504
GSE81747	no	Mol Cell	125	2016	14.248
GSE81748	no	Mol Cell	125	2016	14.248
GSE81749	no	Mol Cell	125	2016	14.248
GSE81750	no	Mol Cell	125	2016	14.248
GSE81812	no	Int J Oncol	2	2016	3.333
GSE81848	yes	Mol Cell	125	2016	14.248
GSE81861	no	Nat Genet	361	2016	27.125
GSE81905	yes	Cell	587	2016	31.398
GSE82070	no	J Cell Sci	7	2016	4.401
GSE82174	no	Cell Rep	28	2016	8.032
GSE82187	no	Cell Rep	188	2016	8.032
GSE83139	no	Diabetes	174	2016	7.273
GSE83142	no	Cancer Cell	100	2016	22.844
GSE83146	no	Endocrinology	16	2016	3.961
GSE83372	no	Plant Physiol	18	2016	5.949
GSE83450	no	PLoS Comput Biol	7	2016	3.955
GSE83533	no	Nat Med	161	2016	32.621
GSE83948	no	Cell Stem Cell	34	2016	23.29
GSE84133	no	Cell Syst	428	2016	8.982
GSE84324	no	Development	10	2016	5.413
GSE84465	no	Cell Rep	235	2016	8.032
GSE84498	no	Nature	346	2016	41.577
GSE84686	no	J Immunol	15	2016	4.539
GSE84705	no	Cell Rep	6	2016	8.032
GSE84714	no	Cell	165	2016	31.398
GSE84789	no	JCI Insight	63	2016	6.205
GSE85066	no	Cell	184	2016	31.398
GSE85111	no	Nature	227	2016	41.577
GSE85152	no	Cell	254	2016	31.398
GSE85154	no	Cell	254	2016	31.398
GSE85183	no	Nucleic Acids Res	16	2016	11.561
GSE85234	no	Nat Commun	15	2016	12.353
GSE85241	no	Cell Syst	399	2016	8.982
GSE85534	no	Genome Biol	79	2016	13.214
GSE85575	no	Sci Rep	60	2016	4.122
GSE85627	no	Nat Genet	227	2016	27.125
GSE85721	no	Science	261	2016	41.058
GSE85755	no	Nat Methods	315	2016	26.919
GSE85783	no	Sci Rep	19	2016	4.122
GSE85875	no	Nature	90	2016	41.577
GSE85908	yes	Mol Cell	85	2016	14.248
GSE85917	no	Nat Methods	153	2016	26.919
GSE85951	no	Cell	166	2016	31.398
GSE85954	no	Cell	166	2016	31.398
GSE86023	no	Neural Dev	11	2016	2.13
GSE86028	no	Cell	166	2016	31.398
GSE86030	no	Cell	166	2016	31.398
GSE86031	no	Cell	166	2016	31.398
GSE86039	no	Cell	166	2016	31.398
GSE86101	no	Mol Biol Cell	26	2016	3.512
GSE86102	no	Mol Biol Cell	26	2016	3.512
GSE86103	no	Mol Biol Cell	26	2016	3.512
GSE86104	no	Mol Biol Cell	26	2016	3.512
GSE86146	no	Cell Stem Cell	136	2016	23.29
GSE86153	no	Nature	438	2016	41.577
GSE86207	yes	Elife	101	2016	7.616
GSE86225	no	EMBO Rep	9	2016	8.749
GSE86310	no	Cell	321	2016	31.398
GSE86473	no	Genome Res	173	2016	10.101
GSE86479	no	Cell Metab	59	2016	20.565
GSE86618	no	JCI Insight	195	2016	6.205
GSE86894	no	Cell Stem Cell	68	2016	23.29
GSE86929	no	Cell	44	2016	31.398
GSE86997	no	Cell Rep	23	2016	8.032
GSE87038	no	Genome Biol	64	2016	13.214
GSE87069	no	Cell Stem Cell	67	2016	23.29
GSE87195	no	Cell Stem Cell	117	2016	23.29
GSE87237	no	Cell Stem Cell	105	2016	23.29
GSE87293	no	Elife	13	2016	7.616
GSE87375	no	Cell Metab	48	2016	20.565
GSE87544	yes	Cell Rep	203	2016	8.032
GSE87631	no	Cell Rep	37	2016	8.032
GSE87641	no	Mol Syst Biol	111	2016	8.5
GSE87692	no	Genome Res	112	2016	10.101
GSE87720	no	Genome Res	112	2016	10.101
GSE87725	no	Genome Res	112	2016	10.101
GSE87795	no	BMC Genomics	31	2016	3.73
GSE87849	no	BMC Genomics	15	2016	3.73
GSE88814	no	Kidney Int	32	2016	8.429
GSE88850	no	BMC Genomics	23	2016	3.73
GSE88926	no	Mol Syst Biol	21	2016	8.5
GSE88927	no	Mol Syst Biol	21	2016	8.5
GSE88953	no	BMC Genomics	6	2016	3.73
GSE89164	no	BMC Biol	113	2016	5.77
GSE89232	no	J Exp Med	73	2016	10.79
GSE89263	no	Kidney Int	32	2016	8.429
GSE89285	no	PLoS Comput Biol	15	2016	3.955
GSE89322	no	BMC Mol Cell Biol	8	2016	NA
GSE89405	no	Nat Immunol	85	2016	21.809
GSE89477	no	Cancer Discov	176	2016	24.373
GSE89497	no	Cell Res	66	2016	15.393
GSE89503	no	Stem Cell Reports	10	2016	6.537
GSE89549	no	Cell Stem Cell	94	2016	23.29
GSE89567	no	Science	328	2016	41.058
GSE89754	no	Nature	150	2016	41.577
GSE89885	no	Proc Natl Acad Sci U S A	11	2016	9.504
GSE89900	no	Nat Commun	28	2016	12.353
GSE89910	no	Dev Biol	4	2016	3.262
GSE90014	no	Cell Rep	8	2016	8.032
GSE90047	no	Hepatology	57	2016	14.079
GSE90063	no	Cell	509	2016	31.398
GSE90140	no	Nature	69	2016	41.577
GSE90488	no	Cell	333	2016	31.398
GSE90546	no	Cell	410	2016	31.398
GSE90553	no	Cell Stem Cell	22	2016	23.29
GSE90683	no	Nat Genet	123	2016	27.125
GSE90697	no	Cell	40	2016	31.398
GSE90734	no	Cell Stem Cell	36	2016	23.29
GSE90742	no	Nature	193	2016	41.577
GSE90797	no	Nature	69	2016	41.577
GSE90806	no	Nat Neurosci	298	2016	19.912
GSE90813	no	Nat Methods	67	2016	26.919
GSE90822	no	Front Cell Neurosci	6	2016	4.3
GSE90824	no	Cancer Discov	23	2016	24.373
GSE90847	no	Cell	112	2016	31.398
GSE90848	yes	Cell	112	2016	31.398
GSE90856	no	Cell Stem Cell	74	2016	23.29
GSE90860	no	Nat Commun	28	2016	12.353
GSE90975	no	Acta Neuropathol Commun	35	2016	5.414
GSE91063	no	Mol Hum Reprod	8	2016	3.449
GSE91395	no	PLoS One	54	2016	2.766
GSE92247	no	Cell Rep	47	2016	8.032
GSE92274	no	Cell Discov	9	2016	4.462
GSE92276	no	Cell Stem Cell	93	2016	23.29
GSE92332	no	Nature	494	2016	41.577
GSE92495	no	Nat Methods	324	2016	26.919
GSE92541	no	J Exp Med	25	2016	10.79
GSE92542	no	J Exp Med	25	2016	10.79
GSE92575	yes	Nat Cell Biol	104	2016	19.064
GSE92622	no	Cell Rep	33	2016	8.032
GSE92650	no	Kidney Int	25	2016	8.429
GSE92699	no	Cell	188	2016	31.398
GSE92707	no	Mol Metab	60	2016	6.291
GSE92842	no	Cell Stem Cell	28	2016	23.29
GSE92865	no	Nature	169	2016	41.577
GSE92872	no	Nat Methods	327	2016	26.919
GSE93156	no	PLoS One	24	2017	2.766
GSE93374	yes	Nat Neurosci	298	2017	19.912
GSE93421	no	Nat Commun	1597	2017	12.353
GSE93524	no	Dev Cell	63	2017	9.616
GSE93530	no	J Am Coll Cardiol	98	2017	16.834
GSE93593	no	Neuron	26	2017	14.318
GSE93722	no	Elife	117	2017	7.616
GSE93801	no	Neuron	26	2017	14.318
GSE93811	no	Nature	435	2017	41.577
GSE94054	yes	Neuron	32	2017	14.318
GSE94333	no	Development	113	2017	5.413
GSE94383	no	Cell Syst	78	2017	8.982
GSE94555	no	JCI Insight	195	2017	6.205
GSE94579	no	Sci Rep	28	2017	4.122
GSE94641	no	Sci Rep	28	2017	4.122
GSE94820	no	Science	885	2017	41.058
GSE94883	no	Nat Biotechnol	120	2017	35.724
GSE94920	no	Sci Transl Med	202	2017	16.71
GSE94957	no	Nature	134	2017	41.577
GSE95021	no	Genes Dev	31	2017	9.527
GSE95025	no	Science	188	2017	41.058
GSE95093	no	Dev Cell	70	2017	9.616
GSE95133	yes	Neuron	77	2017	14.318
GSE95140	no	Nat Commun	50	2017	12.353
GSE95155	no	Nat Commun	11	2017	12.353
GSE95194	no	Dev Cell	70	2017	9.616
GSE95435	no	Cell	121	2017	31.398
GSE95446	no	Cell	121	2017	31.398
GSE95450	no	Cell	121	2017	31.398
GSE95542	no	Stem Cell Res	18	2017	1.829
GSE95601	yes	Cell Stem Cell	78	2017	23.29
GSE95701	yes	Immunity	117	2017	19.734
GSE95723	no	Cell	99	2017	31.398
GSE95736	no	Stem Cell Reports	12	2017	6.537
GSE96045	no	Nature	435	2017	41.577
GSE96066	no	Wellcome Open Res	15	2017	NA
GSE96104	no	Cell Stem Cell	75	2017	23.29
GSE96105	no	Cell Stem Cell	75	2017	23.29
GSE96106	no	J Clin Invest	70	2017	13.251
GSE96569	no	J Immunol	24	2017	4.539
GSE96583	no	Nat Biotechnol	266	2017	35.724
GSE96638	no	Dev Cell	20	2017	9.616
GSE96674	no	Proc Natl Acad Sci U S A	9	2017	9.504
GSE96675	no	Proc Natl Acad Sci U S A	9	2017	9.504
GSE96772	no	Cell	210	2017	31.398
GSE96819	no	Cell Rep	19	2017	8.032
GSE96827	no	Mol Cell	125	2017	14.248
GSE96981	no	Nature	230	2017	41.577
GSE96986	no	Elife	15	2017	7.616
GSE96993	no	Nucleic Acids Res	45	2017	11.561
GSE97037	no	Cancer Cell	22	2017	22.844
GSE97080	no	Cell Rep	20	2017	8.032
GSE97160	no	Proc Natl Acad Sci U S A	7	2017	9.504
GSE97168	yes	Cell	416	2017	31.398
GSE97213	no	Dev Cell	24	2017	9.616
GSE97310	no	Circ Res	174	2017	15.211
GSE97390	no	Elife	33	2017	7.616
GSE97519	no	Cell Rep	55	2017	8.032
GSE97564	no	Proc Natl Acad Sci U S A	31	2017	9.504
GSE97655	no	Sci Rep	6	2017	4.122
GSE97679	no	Nature	435	2017	41.577
GSE97681	no	Nature	435	2017	41.577
GSE97693	no	Science	64	2017	41.058
GSE97726	no	Nat Commun	65	2017	12.353
GSE97848	no	J Allergy Clin Immunol	3	2017	13.258
GSE97849	no	J Allergy Clin Immunol	3	2017	13.258
GSE97881	no	Cell Stem Cell	202	2017	23.29
GSE97941	no	J Clin Invest	126	2017	13.251
GSE97942	no	Nat Biotechnol	310	2017	35.724
GSE97955	no	Nat Commun	38	2017	12.353
GSE98011	no	Science	231	2017	41.058
GSE98048	no	Cancer Discov	62	2017	24.373
GSE98052	no	Science	231	2017	41.058
GSE98131	no	Nat Commun	75	2017	12.353
GSE98145	no	Nat Plants	45	2017	11.471
GSE98201	no	Cell Stem Cell	202	2017	23.29
GSE98415	no	Cell Rep	18	2017	8.032
GSE98440	no	Mol Cell	51	2017	14.248
GSE98451	no	Stem Cell Reports	20	2017	6.537
GSE98556	no	Stem Cells	27	2017	5.587
GSE98561	yes	Science	512	2017	41.058
GSE98567	no	Nature	83	2017	41.577
GSE98569	no	Nature	83	2017	41.577
GSE98587	no	Bone	21	2017	4.455
GSE98638	no	Cell	554	2017	31.398
GSE98644	no	BMC Biol	8	2017	5.77
GSE98664	no	Nat Commun	71	2017	12.353
GSE98679	yes	Nat Commun	20	2017	12.353
GSE98734	yes	Sci Rep	31	2017	4.122
GSE98794	no	Cell	238	2017	31.398
GSE98816	no	Nature	444	2017	41.577
GSE98852	no	J Allergy Clin Immunol	38	2017	13.258
GSE98971	no	Cell	1144	2017	31.398
GSE99058	no	Nature	444	2017	41.577
GSE99095	no	Blood	28	2017	15.132
GSE99187	no	Nature	70	2017	41.577
GSE99210	no	Sci Rep	16	2017	4.122
GSE99211	no	Development	5	2017	5.413
GSE99235	no	Nature	444	2017	41.577
GSE99251	yes	Cell Stem Cell	25	2017	23.29
GSE99254	no	Nat Med	264	2017	32.621
GSE99255	no	Sci Transl Med	63	2017	16.71
GSE99258	no	Mol Cell Biol	11	2017	3.813
GSE99305	no	Mol Oncol	15	2017	5.264
GSE99330	no	Cell Syst	59	2017	8.982
GSE99457	no	Cell Stem Cell	166	2017	23.29
GSE99701	no	Proc Natl Acad Sci U S A	98	2017	9.504
GSE99714	no	Cell	188	2017	31.398
GSE99735	no	Nat Immunol	27	2017	21.809
GSE99765	yes	Hippocampus	3	2017	3.966
GSE99778	no	JCI Insight	7	2017	6.205
GSE99786	no	Nature	135	2017	41.577
GSE99795	no	Cancer Res	34	2017	9.13
GSE99822	no	Gigascience	96	2017	7.267
GSE99866	no	Genome Biol	36	2017	13.214
GSE99888	no	PLoS Biol	103	2017	9.163
GSE99909	no	Nucleic Acids Res	23	2017	11.561
GSE99915	no	Nature	79	2017	41.577
GSE99951	no	Neuron	192	2017	14.318
GSE99989	no	Genome Biol	9	2017	13.214
